14.0617,14.0617,14.0527,14.0349,14.0082,13.9728,13.9289,13.8766,13.8161,13.7478,13.6719,13.5888,13.4989,13.4024,13.3,13.192,13.0789,12.9613,12.8397,12.7147,12.5868,12.4567,12.325,12.1923,12.0592,11.9265,11.7948,11.6648,11.537,11.4123,11.2911,11.1743,11.0623,10.9559,10.8556,10.762,10.6757,10.5972,10.5269,10.4655,10.4132,10.3705,10.3378,10.3153,10.3034,10.3022,10.312,10.3328,10.3647,10.4078,10.462,10.5272,10.6033,10.6901,10.7873,10.8948,11.0121,11.1389,11.2747,11.4192,11.5717,11.7319,11.8991,12.0727,12.2522,12.4369,12.6261,12.8192,13.0155,13.2143,13.4149,13.6166,13.8188,14.0206,14.2214,14.4205,14.6172,14.8108,15.0007,15.1862,15.3667,15.5415,15.7102,15.872,16.0265,16.1732,16.3115,16.441,16.5613,16.6719,16.7725,16.8629,16.9425,17.0113,17.069,17.1154,17.1503,17.1736,17.1853,17.1853
14.0617,14.0617,14.0527,14.0349,14.0082,13.9728,13.9289,13.8766,13.8161,13.7478,13.6719,13.5888,13.4989,13.4024,13.3,13.192,13.0789,12.9613,12.8397,12.7147,12.5868,12.4567,12.325,12.1923,12.0592,11.9265,11.7948,11.6648,11.537,11.4123,11.2911,11.1743,11.0623,10.9559,10.8556,10.762,10.6757,10.5972,10.5269,10.4655,10.4132,10.3705,10.3378,10.3153,10.3034,10.3022,10.312,10.3328,10.3647,10.4078,10.462,10.5272,10.6033,10.6901,10.7873,10.8948,11.0121,11.1389,11.2747,11.4192,11.5717,11.7319,11.8991,12.0727,12.2522,12.4369,12.6261,12.8192,13.0155,13.2143,13.4149,13.6166,13.8188,14.0206,14.2214,14.4205,14.6172,14.8108,15.0007,15.1862,15.3667,15.5415,15.7102,15.872,16.0265,16.1732,16.3115,16.441,16.5613,16.6719,16.7725,16.8629,16.9425,17.0113,17.069,17.1154,17.1503,17.1736,17.1853,17.1853
14.0513,14.0513,14.0423,14.0244,13.9977,13.9623,13.9183,13.8659,13.8054,13.737,13.661,13.5778,13.4877,13.3911,13.2885,13.1804,13.0671,12.9494,12.8276,12.7024,12.5743,12.444,12.3121,12.1792,12.0459,11.913,11.7811,11.6509,11.5229,11.3979,11.2766,11.1596,11.0474,10.9408,10.8403,10.7466,10.66,10.5813,10.5109,10.4493,10.3969,10.354,10.3212,10.2986,10.2866,10.2853,10.295,10.3157,10.3476,10.3907,10.4449,10.5102,10.5863,10.6732,10.7706,10.8782,10.9957,11.1226,11.2587,11.4034,11.5561,11.7165,11.884,12.0579,12.2376,12.4225,12.612,12.8054,13.002,13.2011,13.402,13.604,13.8064,14.0084,14.2095,14.4088,14.6058,14.7996,14.9898,15.1755,15.3562,15.5312,15.7,15.8621,16.0167,16.1635,16.302,16.4316,16.552,16.6628,16.7635,16.8539,16.9337,17.0025,17.0603,17.1067,17.1416,17.165,17.1767,17.1767
14.0305,14.0305,14.0215,14.0036,13.9768,13.9413,13.8972,13.8446,13.7839,13.7153,13.6392,13.5557,13.4653,13.3685,13.2656,13.1572,13.0436,12.9255,12.8034,12.6778,12.5493,12.4186,12.2863,12.153,12.0194,11.8861,11.7538,11.6231,11.4948,11.3694,11.2477,11.1303,11.0178,10.9108,10.8099,10.7158,10.6289,10.5499,10.4791,10.4171,10.3644,10.3213,10.2881,10.2653,10.253,10.2516,10.2611,10.2818,10.3136,10.3567,10.4109,10.4763,10.5526,10.6396,10.7373,10.8451,10.9629,11.0902,11.2267,11.3717,11.525,11.6859,11.8538,12.0282,12.2085,12.394,12.584,12.7779,12.9751,13.1747,13.3762,13.5787,13.7816,13.9842,14.1858,14.3856,14.5831,14.7774,14.9679,15.1541,15.3352,15.5106,15.6798,15.8422,15.9972,16.1443,16.2831,16.413,16.5336,16.6446,16.7455,16.8361,16.916,16.985,17.0428,17.0893,17.1243,17.1477,17.1595,17.1595
13.9994,13.9994,13.9904,13.9724,13.9455,13.9099,13.8656,13.8128,13.7519,13.683,13.6065,13.5227,13.432,13.3347,13.2314,13.1225,13.0084,12.8898,12.7671,12.641,12.512,12.3807,12.2478,12.114,11.9797,11.8459,11.713,11.5817,11.4528,11.3269,11.2046,11.0866,10.9736,10.866,10.7647,10.67,10.5826,10.503,10.4317,10.3693,10.316,10.2724,10.2389,10.2157,10.2031,10.2013,10.2106,10.2311,10.2628,10.3058,10.3601,10.4256,10.5021,10.5894,10.6874,10.7956,10.9139,11.0417,11.1787,11.3244,11.4784,11.6399,11.8086,11.9838,12.1649,12.3512,12.542,12.7368,12.9348,13.1352,13.3375,13.5409,13.7446,13.948,14.1503,14.3509,14.549,14.7441,14.9353,15.1221,15.3038,15.4798,15.6496,15.8125,15.968,16.1156,16.2547,16.385,16.506,16.6173,16.7186,16.8094,16.8896,16.9588,17.0168,17.0634,17.0985,17.122,17.1337,17.1337
13.9582,13.9582,13.9492,13.9311,13.9041,13.8682,13.8237,13.7706,13.7094,13.6401,13.5632,13.4789,13.3877,13.2899,13.186,13.0765,12.9618,12.8425,12.7191,12.5922,12.4625,12.3305,12.1968,12.0622,11.9272,11.7926,11.659,11.527,11.3974,11.2707,11.1478,11.0291,10.9153,10.8071,10.705,10.6097,10.5216,10.4413,10.3693,10.3062,10.2523,10.2081,10.1739,10.1502,10.1371,10.1349,10.1439,10.1641,10.1956,10.2385,10.2928,10.3584,10.4351,10.5228,10.6211,10.7299,10.8487,10.9773,11.115,11.2616,11.4164,11.5789,11.7486,11.9248,12.1069,12.2943,12.4862,12.6821,12.8812,13.0828,13.2861,13.4906,13.6954,13.8998,14.1032,14.3047,14.5039,14.6998,14.892,15.0796,15.2622,15.439,15.6095,15.7731,15.9292,16.0774,16.2172,16.348,16.4695,16.5812,16.6829,16.7741,16.8545,16.924,16.9822,17.029,17.0642,17.0878,17.0996,17.0996
13.9071,13.9071,13.8979,13.8797,13.8525,13.8164,13.7716,13.7182,13.6565,13.5868,13.5093,13.4245,13.3326,13.2342,13.1296,13.0193,12.9038,12.7836,12.6594,12.5317,12.401,12.2681,12.1336,11.998,11.8622,11.7267,11.5922,11.4594,11.3289,11.2014,11.0777,10.9582,10.8436,10.7346,10.6317,10.5355,10.4466,10.3655,10.2927,10.2287,10.174,10.129,10.094,10.0695,10.0557,10.053,10.0614,10.0812,10.1125,10.1552,10.2095,10.2751,10.352,10.44,10.5388,10.6482,10.7677,10.8971,11.0358,11.1833,11.3392,11.5029,11.6738,11.8513,12.0347,12.2234,12.4168,12.614,12.8145,13.0175,13.2222,13.428,13.6341,13.8399,14.0445,14.2474,14.4477,14.6448,14.8381,15.0268,15.2104,15.3882,15.5596,15.7241,15.881,16.03,16.1705,16.302,16.4241,16.5364,16.6385,16.7301,16.811,16.8808,16.9393,16.9863,17.0217,17.0454,17.0572,17.0572
13.8461,13.8461,13.8369,13.8185,13.7911,13.7547,13.7095,13.6557,13.5936,13.5233,13.4452,13.3597,13.2671,13.1678,13.0623,12.9511,12.8347,12.7136,12.5884,12.4596,12.3279,12.194,12.0584,11.9219,11.785,11.6485,11.5131,11.3793,11.248,11.1197,10.995,10.8747,10.7592,10.6493,10.5456,10.4485,10.3586,10.2765,10.2027,10.1377,10.082,10.036,10,9.97457,9.95991,9.95633,9.96406,9.98326,10.0141,10.0565,10.1106,10.1762,10.2533,10.3416,10.4409,10.5509,10.6713,10.8015,10.9413,11.09,11.2472,11.4122,11.5846,11.7636,11.9486,12.1389,12.3338,12.5328,12.7349,12.9395,13.1459,13.3533,13.5611,13.7684,13.9746,14.1789,14.3807,14.5792,14.7738,14.9638,15.1486,15.3276,15.5002,15.6657,15.8236,15.9735,16.1148,16.2471,16.37,16.4829,16.5856,16.6778,16.7591,16.8293,16.8881,16.9354,16.971,16.9948,17.0067,17.0067
13.7756,13.7756,13.7663,13.7478,13.7201,13.6834,13.6378,13.5835,13.5208,13.4499,13.3711,13.2847,13.1913,13.0911,12.9846,12.8724,12.7549,12.6326,12.5063,12.3764,12.2436,12.1085,11.9718,11.8342,11.6963,11.5588,11.4224,11.2877,11.1555,11.0263,10.9008,10.7797,10.6634,10.5526,10.4479,10.3499,10.259,10.1758,10.1009,10.0347,9.97776,9.93048,9.89331,9.86663,9.85081,9.84615,9.85289,9.87125,9.90134,9.94325,9.99697,10.0625,10.1396,10.2281,10.3279,10.4385,10.5597,10.691,10.8319,10.9819,11.1405,11.3071,11.4811,11.6618,11.8486,12.0408,12.2377,12.4385,12.6426,12.8491,13.0574,13.2668,13.4764,13.6855,13.8935,14.0996,14.3031,14.5032,14.6994,14.891,15.0772,15.2575,15.4314,15.5981,15.7572,15.9082,16.0505,16.1837,16.3074,16.4211,16.5245,16.6173,16.6992,16.7698,16.829,16.8766,16.9124,16.9364,16.9484,16.9484
13.6959,13.6959,13.6865,13.6678,13.6398,13.6028,13.5567,13.5018,13.4384,13.3668,13.2871,13.1999,13.1055,13.0042,12.8967,12.7833,12.6646,12.5411,12.4135,12.2824,12.1484,12.0121,11.8743,11.7356,11.5967,11.4582,11.3209,11.1855,11.0525,10.9226,10.7964,10.6745,10.5575,10.4459,10.3404,10.2414,10.1495,10.0652,9.98901,9.92147,9.86307,9.81429,9.77558,9.74736,9.73004,9.72394,9.72935,9.7465,9.77557,9.81664,9.86974,9.93482,10.0118,10.1004,10.2005,10.3117,10.4337,10.5659,10.7081,10.8595,11.0197,11.188,11.3638,11.5465,11.7353,11.9296,12.1286,12.3316,12.5378,12.7466,12.9571,13.1686,13.3804,13.5916,13.8016,14.0097,14.2151,14.4172,14.6151,14.8084,14.9963,15.1782,15.3535,15.5217,15.6821,15.8343,15.9777,16.112,16.2366,16.3512,16.4554,16.5489,16.6314,16.7025,16.7622,16.8101,16.8462,16.8703,16.8824,16.8824
13.6073,13.6073,13.5978,13.5789,13.5506,13.5131,13.4665,13.411,13.3469,13.2744,13.1938,13.1056,13.0101,12.9077,12.7989,12.6843,12.5643,12.4395,12.3107,12.1782,12.043,11.9056,11.7666,11.6269,11.4871,11.3478,11.2099,11.0738,10.9403,10.8099,10.6832,10.5609,10.4434,10.3313,10.2251,10.1253,10.0324,9.94689,9.86937,9.80032,9.74025,9.68967,9.64908,9.61893,9.59967,9.59168,9.5953,9.61079,9.63838,9.67818,9.73026,9.79459,9.87107,9.95954,10.0597,10.1713,10.294,10.4272,10.5705,10.7233,10.8851,11.0553,11.2331,11.4179,11.6089,11.8055,12.0069,12.2123,12.421,12.6322,12.8452,13.0591,13.2733,13.4869,13.6993,13.9096,14.1172,14.3213,14.5213,14.7165,14.9062,15.0899,15.2669,15.4366,15.5985,15.7521,15.8968,16.0322,16.158,16.2735,16.3786,16.4729,16.556,16.6278,16.6879,16.7362,16.7726,16.797,16.8091,16.8091
13.5101,13.5101,13.5005,13.4814,13.4527,13.4147,13.3676,13.3114,13.2465,13.1731,13.0915,13.0022,12.9055,12.8019,12.6918,12.5758,12.4545,12.3284,12.1981,12.0645,11.928,11.7895,11.6496,11.509,11.3686,11.2288,11.0905,10.9542,10.8205,10.6901,10.5635,10.4411,10.3235,10.2112,10.1046,10.0042,9.91042,9.82384,9.74493,9.67422,9.61224,9.55954,9.51665,9.48409,9.46237,9.45192,9.45315,9.46638,9.49189,9.52985,9.58036,9.64342,9.71897,9.80684,9.90679,10.0185,10.1416,10.2756,10.42,10.5742,10.7376,10.9096,11.0895,11.2765,11.4699,11.669,11.873,12.0811,12.2925,12.5064,12.7221,12.9387,13.1556,13.3718,13.5867,13.7995,14.0095,14.216,14.4182,14.6156,14.8074,14.993,15.1718,15.3433,15.5068,15.6619,15.808,15.9448,16.0717,16.1884,16.2944,16.3895,16.4734,16.5458,16.6065,16.6553,16.692,16.7165,16.7288,16.7288
13.4048,13.4048,13.3951,13.3757,13.3467,13.3082,13.2604,13.2034,13.1376,13.0633,12.9806,12.8901,12.7922,12.6872,12.5758,12.4584,12.3356,12.2082,12.0767,11.9418,11.8042,11.6648,11.5242,11.3831,11.2424,11.1025,10.9644,10.8284,10.6953,10.5655,10.4395,10.3177,10.2007,10.0887,9.98215,9.88151,9.78718,9.69962,9.61932,9.54682,9.48268,9.42748,9.38182,9.34629,9.32144,9.30783,9.30592,9.31613,9.33878,9.37414,9.42234,9.48344,9.55741,9.64411,9.7433,9.85467,9.97782,10.1123,10.2575,10.413,10.5779,10.7518,10.9337,11.1231,11.319,11.5207,11.7275,11.9384,12.1527,12.3696,12.5882,12.8078,13.0275,13.2466,13.4643,13.6799,13.8925,14.1016,14.3063,14.506,14.7,14.8878,15.0687,15.242,15.4073,15.5641,15.7118,15.85,15.9782,16.096,16.2032,16.2992,16.384,16.4571,16.5183,16.5676,16.6046,16.6294,16.6418,16.6418
13.2918,13.2918,13.282,13.2623,13.2329,13.1938,13.1453,13.0876,13.0208,12.9454,12.8616,12.7698,12.6705,12.5642,12.4513,12.3325,12.2084,12.0796,11.9469,11.811,11.6726,11.5326,11.3916,11.2505,11.11,10.9708,10.8335,10.6987,10.5669,10.4386,10.3142,10.194,10.0783,9.96739,9.86164,9.76132,9.66681,9.57852,9.49692,9.42254,9.35599,9.29788,9.24889,9.20969,9.18096,9.16331,9.15734,9.16355,9.18238,9.21415,9.25909,9.31732,9.38885,9.47356,9.57127,9.68165,9.80432,9.93879,10.0845,10.2408,10.4071,10.5826,10.7666,10.9582,11.1567,11.3612,11.5708,11.7848,12.0022,12.2222,12.444,12.6668,12.8897,13.1119,13.3326,13.5512,13.7667,13.9785,14.1859,14.3882,14.5847,14.7748,14.9578,15.1333,15.3005,15.4591,15.6085,15.7482,15.8778,15.997,16.1053,16.2024,16.288,16.3619,16.4238,16.4735,16.511,16.536,16.5485,16.5485
13.1716,13.1716,13.1616,13.1416,13.1118,13.0721,13.0229,12.9643,12.8965,12.82,12.735,12.6419,12.5412,12.4334,12.3191,12.1989,12.0735,11.9435,11.8097,11.673,11.5341,11.3939,11.2532,11.1127,10.9733,10.8355,10.7001,10.5676,10.4383,10.3128,10.1911,10.0736,9.96038,9.85166,9.74758,9.64834,9.55423,9.46558,9.38285,9.30656,9.23734,9.17588,9.12294,9.0793,9.04575,9.02305,9.0119,9.01294,9.02673,9.0537,9.09417,9.14835,9.2163,9.29798,9.39322,9.50173,9.62312,9.7569,9.9025,10.0593,10.2265,10.4034,10.5892,10.783,10.9839,11.1912,11.4038,11.6208,11.8415,12.0649,12.29,12.5162,12.7425,12.968,13.192,13.4138,13.6324,13.8472,14.0575,14.2626,14.4617,14.6543,14.8397,15.0174,15.1868,15.3473,15.4985,15.6399,15.7711,15.8916,16.0011,16.0993,16.1859,16.2606,16.3232,16.3735,16.4114,16.4367,16.4493,16.4493
13.0447,13.0447,13.0346,13.0143,12.9839,12.9436,12.8936,12.8341,12.7653,12.6875,12.6012,12.5068,12.4047,12.2955,12.1798,12.0582,11.9315,11.8005,11.666,11.5288,11.3899,11.2501,11.1104,10.9714,10.8341,10.699,10.5668,10.4379,10.3127,10.1914,10.0741,9.96081,9.85157,9.74635,9.64513,9.54798,9.45504,9.36657,9.28298,9.2048,9.13269,9.06742,9.00985,8.96089,8.92148,8.89252,8.87488,8.86936,8.87666,8.89734,8.93186,8.98051,9.04347,9.12076,9.21225,9.3177,9.43674,9.56888,9.71354,9.87003,10.0376,10.2154,10.4027,10.5984,10.8017,11.0115,11.2271,11.4473,11.6714,11.8982,12.1269,12.3566,12.5865,12.8156,13.0431,13.2682,13.4902,13.7082,13.9216,14.1296,14.3316,14.5269,14.7149,14.8949,15.0665,15.2292,15.3823,15.5255,15.6583,15.7803,15.8912,15.9906,16.0782,16.1538,16.2171,16.268,16.3063,16.3319,16.3447,16.3447
12.9117,12.9117,12.9013,12.8807,12.8498,12.8089,12.758,12.6975,12.6276,12.5486,12.461,12.3652,12.2616,12.151,12.0339,11.9111,11.7834,11.6517,11.5167,11.3796,11.2413,11.1028,10.9649,10.8286,10.6947,10.5637,10.4364,10.3129,10.1936,10.0785,9.96748,9.86036,9.75691,9.65687,9.56,9.46619,9.37541,9.28784,9.2038,9.12384,9.04866,8.97912,8.9162,8.86096,8.81452,8.77797,8.75236,8.73867,8.73778,8.75042,8.7772,8.81855,8.87477,8.94596,9.03209,9.13297,9.24827,9.3775,9.52008,9.67531,9.8424,10.0205,10.2086,10.4058,10.6111,10.8234,11.0418,11.2652,11.4925,11.7229,11.9553,12.1887,12.4223,12.6551,12.8863,13.1151,13.3406,13.562,13.7787,13.9899,14.1949,14.393,14.5837,14.7663,14.9403,15.1052,15.2604,15.4055,15.54,15.6636,15.7759,15.8765,15.9652,16.0418,16.1059,16.1574,16.1961,16.222,16.235,16.235
12.773,12.773,12.7625,12.7415,12.7101,12.6684,12.6167,12.5552,12.4841,12.4039,12.3149,12.2177,12.1127,12.0007,11.8824,11.7585,11.63,11.4978,11.363,11.2266,11.0897,10.9534,10.8186,10.6863,10.5574,10.4325,10.3119,10.1961,10.0849,9.97834,9.87595,9.77729,9.68181,9.58896,9.49825,9.4093,9.32192,9.23613,9.15221,9.07069,8.99233,8.91809,8.8491,8.78661,8.73191,8.68632,8.65111,8.62747,8.61648,8.61908,8.63604,8.66799,8.71536,8.7784,8.85718,8.95159,9.06137,9.18607,9.3251,9.47777,9.64323,9.82057,10.0088,10.2068,10.4136,10.6281,10.849,11.0753,11.306,11.5399,11.7759,12.0132,12.2506,12.4873,12.7224,12.955,13.1842,13.4092,13.6294,13.8439,14.0521,14.2533,14.4468,14.6321,14.8087,14.9759,15.1333,15.2803,15.4167,15.542,15.6557,15.7577,15.8476,15.9251,15.99,16.0422,16.0814,16.1077,16.1208,16.1208
12.6293,12.6293,12.6186,12.5972,12.5653,12.5229,12.4703,12.4077,12.3355,12.2539,12.1636,12.0649,11.9586,11.8453,11.7259,11.6012,11.4722,11.3401,11.206,11.071,10.9365,10.8036,10.6733,10.5468,10.4248,10.308,10.1966,10.0909,9.9906,9.89528,9.80427,9.71675,9.6318,9.54851,9.46604,9.38375,9.30122,9.21831,9.13524,9.05252,8.97097,8.89169,8.81597,8.74526,8.68108,8.62498,8.57847,8.54298,8.51981,8.51015,8.51498,8.53512,8.57121,8.62366,8.69269,8.77833,8.88039,8.99851,9.13212,9.28053,9.44288,9.6182,9.80543,10.0034,10.211,10.4269,10.65,10.879,11.1127,11.35,11.5897,11.8308,12.0722,12.3129,12.552,12.7885,13.0216,13.2504,13.4742,13.6922,13.9038,14.1081,14.3047,14.4929,14.6721,14.8417,15.0014,15.1506,15.2889,15.4159,15.5313,15.6346,15.7257,15.8043,15.8701,15.9229,15.9627,15.9893,16.0026,16.0026
12.4812,12.4812,12.4703,12.4485,12.416,12.3729,12.3194,12.2557,12.1823,12.0994,12.0077,11.9077,11.8001,11.6856,11.5652,11.44,11.311,11.1795,11.0468,10.9142,10.7832,10.6551,10.531,10.4122,10.2994,10.1931,10.0937,10.001,9.91459,9.83366,9.75714,9.68379,9.61225,9.54117,9.46932,9.39572,9.3197,9.24096,9.15962,9.0762,8.99162,8.9071,8.82412,8.74437,8.66958,8.60157,8.5421,8.49284,8.45537,8.43109,8.42127,8.42695,8.449,8.48806,8.54455,8.61867,8.71037,8.8194,8.94527,9.08731,9.24464,9.41627,9.60105,9.79776,10.0051,10.2217,10.4463,10.6775,10.914,11.1544,11.3977,11.6426,11.8879,12.1327,12.3758,12.6164,12.8535,13.0862,13.3138,13.5355,13.7506,13.9583,14.158,14.3491,14.5311,14.7034,14.8655,15.0169,15.1572,15.2861,15.403,15.5079,15.6002,15.6798,15.7465,15.8001,15.8404,15.8673,15.8808,15.8808
12.3294,12.3294,12.3183,12.2961,12.263,12.2191,12.1646,12.0998,12.0252,11.941,11.848,11.7466,11.6378,11.5223,11.4013,11.2758,11.1473,11.017,10.8866,10.7575,10.6313,10.5096,10.3937,10.2847,10.1835,10.0906,10.0062,9.92975,9.86059,9.79748,9.73888,9.68302,9.62802,9.57203,9.51336,9.45067,9.38299,9.30985,9.2313,9.14788,9.0606,8.97086,8.88034,8.79094,8.70468,8.62358,8.54967,8.48488,8.43103,8.3898,8.36271,8.35109,8.3561,8.37864,8.4194,8.47882,8.55705,8.654,8.76931,8.90236,9.05232,9.21815,9.39865,9.59249,9.79826,10.0145,10.2397,10.4724,10.7111,10.9544,11.2009,11.4494,11.6987,11.9474,12.1947,12.4394,12.6806,12.9174,13.149,13.3744,13.5931,13.8043,14.0073,14.2015,14.3864,14.5614,14.726,14.8797,15.0221,15.1529,15.2716,15.3779,15.4716,15.5523,15.6199,15.6743,15.7151,15.7424,15.7561,15.7561
12.1745,12.1745,12.1631,12.1406,12.1068,12.0621,12.0067,11.9408,11.8649,11.7795,11.6851,11.5825,11.4726,11.3563,11.2349,11.1096,10.9821,10.8538,10.7265,10.6021,10.4823,10.3687,10.263,10.1662,10.0795,10.003,9.93675,9.88008,9.83178,9.79015,9.75309,9.71822,9.68304,9.64514,9.60233,9.55285,9.49544,9.42947,9.35491,9.27238,9.18299,9.08834,8.99034,8.89111,8.79289,8.69794,8.6085,8.52674,8.4547,8.39433,8.34742,8.31563,8.30042,8.30305,8.32455,8.36566,8.42683,8.50821,8.60962,8.73056,8.87027,9.0277,9.20163,9.39062,9.59313,9.80754,10.0322,10.2654,10.5056,10.7512,11.0006,11.2525,11.5054,11.7582,12.0095,12.2584,12.5038,12.7447,12.9803,13.2096,13.4321,13.6468,13.8533,14.0507,14.2386,14.4164,14.5835,14.7397,14.8843,15.017,15.1374,15.2453,15.3404,15.4223,15.4909,15.546,15.5874,15.6151,15.629,15.629
12.0171,12.0171,12.0056,11.9826,11.9483,11.9027,11.8463,11.7793,11.7022,11.6155,11.5198,11.4161,11.3052,11.1883,11.0668,10.9422,10.8163,10.6908,10.5677,10.4492,10.3373,10.2338,10.1405,10.0586,9.98906,9.93217,9.88759,9.85429,9.83058,9.81419,9.80235,9.79198,9.77991,9.76308,9.73878,9.70479,9.65959,9.60239,9.53316,9.4526,9.36201,9.26318,9.15825,9.04955,8.93951,8.83058,8.72515,8.62553,8.53397,8.45264,8.38361,8.32886,8.29024,8.26942,8.26784,8.28667,8.32675,8.38856,8.47218,8.57734,8.70338,8.84931,9.01387,9.19555,9.39268,9.60349,9.82611,10.0587,10.2994,10.5465,10.7982,11.053,11.3094,11.5659,11.8212,12.0742,12.3238,12.5688,12.8085,13.0419,13.2682,13.4866,13.6965,13.8973,14.0883,14.2689,14.4388,14.5974,14.7442,14.879,15.0013,15.1108,15.2072,15.2903,15.3599,15.4158,15.4578,15.4859,15.5,15.5
11.8581,11.8581,11.8464,11.8229,11.7879,11.7416,11.6842,11.6161,11.5377,11.4497,11.3529,11.2481,11.1364,11.0192,10.898,10.7745,10.6508,10.5289,10.4112,10.3,10.1975,10.1061,10.0274,9.96299,9.91366,9.87958,9.86011,9.8538,9.85838,9.8709,9.88785,9.90536,9.91951,9.92656,9.9232,9.90683,9.87567,9.82883,9.76634,9.68906,9.59852,9.49674,9.38607,9.26904,9.14818,9.02601,8.90497,8.78744,8.67577,8.57228,8.47928,8.39911,8.33402,8.28617,8.25753,8.24981,8.26435,8.3021,8.36353,8.44867,8.55705,8.6878,8.83967,9.01109,9.20028,9.40526,9.62399,9.85439,10.0944,10.342,10.5952,10.8524,11.1117,11.3716,11.6308,11.8878,12.1415,12.3907,12.6345,12.8719,13.1021,13.3243,13.5378,13.7419,13.9361,14.1197,14.2924,14.4535,14.6026,14.7395,14.8636,14.9748,15.0727,15.157,15.2276,15.2843,15.327,15.3555,15.3697,15.3697
11.6981,11.6981,11.6861,11.6622,11.6266,11.5794,11.521,11.4518,11.3722,11.283,11.185,11.0793,10.967,10.8497,10.7291,10.6073,10.4864,10.369,10.2577,10.1551,10.0638,9.9863,9.9246,9.88024,9.854,9.84587,9.85484,9.87896,9.91533,9.96019,10.0092,10.0576,10.1007,10.134,10.1537,10.1568,10.1413,10.1063,10.052,9.9795,9.89067,9.78778,9.67338,9.55008,9.42045,9.28692,9.15183,9.01745,8.88607,8.76008,8.64198,8.53441,8.4401,8.36177,8.30204,8.26329,8.24753,8.25631,8.29064,8.35096,8.43713,8.54845,8.68375,8.84144,9.0196,9.21611,9.42869,9.655,9.89271,10.1395,10.3933,10.652,10.9138,11.1767,11.4394,11.7002,11.9578,12.2111,12.459,12.7005,12.9346,13.1607,13.3778,13.5854,13.7828,13.9695,14.1449,14.3086,14.4601,14.5991,14.7251,14.838,14.9374,15.023,15.0946,15.1522,15.1954,15.2243,15.2388,15.2388
11.5378,11.5378,11.5256,11.5013,11.465,11.417,11.3576,11.2872,11.2064,11.1161,11.017,10.9104,10.7977,10.6806,10.561,10.4412,10.3239,10.2118,10.1079,10.0152,9.93667,9.87499,9.83242,9.81054,9.81009,9.8308,9.87128,9.92896,10.0002,10.0804,10.1642,10.246,10.3203,10.3817,10.426,10.4498,10.4512,10.4293,10.3846,10.3187,10.2338,10.1323,10.0171,9.89075,9.75568,9.61404,9.46784,9.31901,9.16961,9.0219,8.87848,8.74228,8.61651,8.50456,8.4098,8.33545,8.28437,8.2589,8.26076,8.29096,8.3498,8.43688,8.55116,8.69109,8.85466,9.03957,9.2433,9.46324,9.69677,9.94131,10.1944,10.4537,10.717,10.9824,11.2481,11.5124,11.7738,12.0311,12.283,12.5285,12.7666,12.9964,13.2173,13.4283,13.629,13.8188,13.9971,14.1634,14.3173,14.4584,14.5865,14.701,14.8019,14.8888,14.9615,15.0199,15.0638,15.0931,15.1078,15.1078
11.3779,11.3779,11.3655,11.3407,11.3038,11.2549,11.1945,11.123,11.0411,10.9496,10.8496,10.7422,10.6293,10.5125,10.3943,10.2771,10.1639,10.0578,9.96232,9.88072,9.81635,9.77219,9.75068,9.75346,9.78118,9.83327,9.90786,10.0017,10.1103,10.2282,10.3489,10.4659,10.5727,10.6634,10.7332,10.7786,10.7976,10.7898,10.7563,10.6989,10.6204,10.5238,10.4117,10.2868,10.1511,10.0061,9.85336,9.69406,9.52977,9.36245,9.19464,9.02948,8.8707,8.72241,8.58891,8.47444,8.38289,8.31762,8.28126,8.27557,8.30145,8.35892,8.4472,8.5648,8.70968,8.87938,9.07114,9.28205,9.50915,9.74952,10.0004,10.259,10.523,10.7901,11.0583,11.3256,11.5906,11.8516,12.1074,12.3568,12.5988,12.8324,13.0569,13.2715,13.4755,13.6684,13.8495,14.0185,14.1749,14.3182,14.4482,14.5645,14.6669,14.7551,14.8289,14.8881,14.9327,14.9625,14.9773,14.9773
11.2192,11.2192,11.2066,11.1814,11.1438,11.0941,11.0327,10.9601,10.877,10.7844,10.6834,10.5755,10.4624,10.3462,10.2296,10.1154,10.0068,9.9075,9.8212,9.75173,9.70275,9.67753,9.6787,9.70795,9.76578,9.85129,9.96203,10.094,10.2419,10.3989,10.5579,10.711,10.8509,10.9712,11.0666,11.1336,11.1706,11.1778,11.1567,11.1101,11.0413,10.9536,10.8498,10.7321,10.602,10.4603,10.3072,10.1431,9.96862,9.78524,9.59521,9.40182,9.20928,9.02254,8.84696,8.68799,8.55081,8.44002,8.35938,8.31165,8.29849,8.32051,8.37727,8.46748,8.58908,8.73949,8.9157,9.11449,9.33255,9.56657,9.81336,10.0699,10.3334,10.6013,10.8712,11.1411,11.4091,11.6736,11.933,12.1862,12.4321,12.6695,12.8976,13.1157,13.323,13.519,13.703,13.8747,14.0335,14.1791,14.311,14.4291,14.533,14.6225,14.6974,14.7575,14.8027,14.8329,14.848,14.848
11.0624,11.0624,11.0496,11.0239,10.9857,10.9351,10.8727,10.7991,10.7149,10.6212,10.5193,10.4108,10.2977,10.1824,10.0676,9.95661,9.85311,9.76105,9.68464,9.62809,9.59544,9.59027,9.61536,9.67241,9.76176,9.8821,10.0304,10.2017,10.3898,10.5868,10.7843,10.9735,11.1463,11.2956,11.416,11.5043,11.5592,11.5817,11.5746,11.5413,11.4859,11.4121,11.3228,11.2196,11.103,10.9725,10.827,10.6653,10.4871,10.2926,10.0838,9.86403,9.63787,9.41122,9.19067,8.9831,8.79522,8.63314,8.502,8.40578,8.34715,8.32745,8.34676,8.40403,8.49732,8.6239,8.78057,8.96377,9.16981,9.39497,9.63563,9.88835,10.15,10.4175,10.6883,10.9601,11.2306,11.4981,11.761,12.0178,12.2673,12.5083,12.74,12.9616,13.1722,13.3713,13.5582,13.7326,13.8938,14.0416,14.1756,14.2954,14.4009,14.4917,14.5676,14.6286,14.6745,14.7051,14.7204,14.7204
10.9083,10.9083,10.8952,10.8691,10.8302,10.7788,10.7155,10.6407,10.5554,10.4607,10.358,10.249,10.136,10.0215,9.90872,9.80124,9.70307,9.61863,9.55255,9.50946,9.49377,9.50934,9.55912,9.64479,9.76647,9.92238,10.1088,10.32,10.5484,10.7853,11.0209,11.2455,11.45,11.6271,11.7714,11.8798,11.9522,11.9906,11.9989,11.9818,11.9442,11.8902,11.8226,11.7422,11.6483,11.5385,11.41,11.2596,11.0852,10.886,10.6631,10.4197,10.1609,9.89358,9.62569,9.36577,9.12232,8.90322,8.7153,8.56401,8.45323,8.38525,8.3608,8.37925,8.43876,8.53661,8.66935,8.83313,9.02383,9.23729,9.46944,9.71637,9.97445,10.2403,10.511,10.7838,11.0563,11.3264,11.5923,11.8524,12.1053,12.3499,12.585,12.81,13.0238,13.226,13.4158,13.5928,13.7565,13.9065,14.0425,14.1641,14.271,14.3632,14.4402,14.5021,14.5485,14.5796,14.5951,14.5951
10.7575,10.7575,10.7442,10.7177,10.6781,10.6259,10.5615,10.4857,10.3993,10.3036,10.2,10.0906,9.97771,9.86421,9.75353,9.64963,9.55694,9.48029,9.42473,9.39534,9.39687,9.43347,9.50822,9.62276,9.77694,9.96851,10.193,10.4437,10.7119,10.9878,11.2603,11.5188,11.7535,11.9567,12.1232,12.2508,12.3402,12.395,12.4205,12.4229,12.408,12.3805,12.3426,12.2944,12.2333,12.155,12.0539,11.9246,11.7629,11.5662,11.3347,11.0713,10.7816,10.4734,10.1563,9.84066,9.53705,9.2554,9.0045,8.79153,8.62184,8.49885,8.42413,8.39757,8.41758,8.48145,8.58557,8.72575,8.89749,9.09615,9.31713,9.55606,9.80879,10.0715,10.3409,10.6137,10.8873,11.1594,11.4279,11.6909,11.947,12.1949,12.4335,12.6616,12.8787,13.0838,13.2765,13.4561,13.6222,13.7744,13.9124,14.0357,14.1442,14.2376,14.3157,14.3784,14.4256,14.457,14.4728,14.4728
10.6109,10.6109,10.5973,10.5703,10.5301,10.4771,10.4117,10.3348,10.2474,10.1506,10.0462,9.93637,9.82358,9.71104,9.60245,9.50213,9.41489,9.34599,9.30092,9.28515,9.30381,9.36129,9.46079,9.60391,9.79018,10.0168,10.2786,10.5679,10.8748,11.1882,11.496,11.7866,12.0497,12.2773,12.4645,12.6102,12.7166,12.7887,12.8338,12.8595,12.8729,12.879,12.8797,12.8736,12.8561,12.8202,12.7576,12.6598,12.5199,12.3335,12.0994,11.8201,11.5016,11.1529,10.7851,10.4108,10.0428,9.69339,9.37353,9.09242,8.85712,8.6724,8.54083,8.46296,8.43756,8.462,8.53255,8.64474,8.79363,8.9741,9.18104,9.40951,9.65485,9.91276,10.1794,10.4511,10.7251,10.9984,11.2689,11.5345,11.7935,12.0444,12.2861,12.5174,12.7375,12.9455,13.1409,13.3231,13.4916,13.646,13.7859,13.9109,14.0209,14.1156,14.1948,14.2583,14.3061,14.338,14.354,14.354
10.469,10.469,10.4552,10.4278,10.3869,10.3331,10.2667,10.1888,10.1002,10.0024,9.89723,9.78689,9.67419,9.56254,9.45595,9.35907,9.27711,9.21573,9.18085,9.17833,9.21365,9.29145,9.41504,9.58593,9.80337,10.064,10.3619,10.6884,11.0324,11.3817,11.7231,12.0441,12.3339,12.5844,12.7916,12.9552,13.0791,13.1703,13.2381,13.2918,13.3396,13.3869,13.435,13.481,13.5179,13.5354,13.5219,13.4655,13.3565,13.1879,12.9571,12.6661,12.3212,11.9325,11.513,11.0774,10.6412,10.2192,9.82473,9.46936,9.16201,8.90902,8.71413,8.57869,8.50194,8.48142,8.51334,8.59295,8.71492,8.87364,9.06344,9.27881,9.51452,9.76574,10.0281,10.2976,10.5707,10.8445,11.1164,11.384,11.6455,11.8992,12.1437,12.378,12.6009,12.8118,13.0099,13.1946,13.3654,13.5218,13.6636,13.7903,13.9018,13.9978,14.078,14.1424,14.1908,14.2231,14.2392,14.2392
10.3325,10.3325,10.3186,10.2907,10.2492,10.1945,10.1273,10.0482,9.95855,9.85974,9.75369,9.64282,9.53012,9.41923,9.31446,9.22078,9.14378,9.08951,9.06429,9.07438,9.12559,9.22279,9.36939,9.56684,9.8141,10.1073,10.4398,10.8018,11.1814,11.565,11.9386,12.2888,12.6044,12.8775,13.1048,13.2873,13.4306,13.544,13.6386,13.7256,13.8145,13.9108,14.0151,14.1227,14.2237,14.3046,14.3498,14.3438,14.2735,14.1294,13.9072,13.6081,13.2388,12.8106,12.3385,11.8394,11.3316,10.8326,10.3586,9.92334,9.53798,9.21059,8.94623,8.74718,8.6133,8.54235,8.53056,8.57296,8.66385,8.79711,8.96653,9.16599,9.38969,9.63219,9.88856,10.1543,10.4256,10.699,10.9715,11.2405,11.504,11.76,12.0072,12.2441,12.4698,12.6834,12.884,13.0711,13.2441,13.4026,13.5462,13.6746,13.7875,13.8847,13.9659,14.0311,14.0801,14.1128,14.1292,14.1292
10.2023,10.2023,10.1881,10.1598,10.1177,10.0622,9.99396,9.91386,9.8231,9.72323,9.61627,9.50479,9.39198,9.28167,9.17847,9.08765,9.01516,8.96742,8.95114,8.97295,9.039,9.15438,9.32263,9.54514,9.82061,10.1447,10.5101,10.9061,11.3199,11.7368,12.1418,12.521,12.8628,13.1597,13.409,13.6131,13.7795,13.9195,14.0464,14.1731,14.31,14.463,14.6316,14.809,14.9825,15.1348,15.2463,15.2977,15.2721,15.1574,14.9476,14.6431,14.2509,13.7835,13.2578,12.6934,12.1111,11.5315,10.9735,10.4535,9.98488,9.57757,9.23812,8.96988,8.77339,8.64679,8.58636,8.58698,8.6426,8.74666,8.89236,9.073,9.28215,9.51378,9.76237,10.0229,10.2911,10.563,10.8352,11.105,11.3699,11.628,11.8774,12.1167,12.3449,12.5609,12.7639,12.9533,13.1284,13.2889,13.4343,13.5642,13.6785,13.7768,13.8591,13.9251,13.9746,14.0077,14.0243,14.0243
10.0788,10.0788,10.0644,10.0357,9.99297,9.93669,9.86752,9.78637,9.6945,9.59354,9.48563,9.37345,9.26036,9.15043,9.04849,8.96011,8.89156,8.84965,8.84143,8.8739,8.95353,9.08567,9.27398,9.51985,9.8218,10.1751,10.5718,11.0006,11.4477,11.8976,12.3345,12.7439,13.1141,13.4377,13.7129,13.9435,14.1386,14.3117,14.4777,14.6512,14.8435,15.0603,15.3001,15.554,15.806,16.0351,16.2177,16.3303,16.3528,16.2703,16.0748,15.7661,15.3515,14.8447,14.2645,13.6332,12.9742,12.3111,11.6657,11.057,10.5008,10.0089,9.5895,9.24713,8.9831,8.79602,8.68231,8.63677,8.65306,8.72418,8.84281,9.00166,9.19365,9.41215,9.65103,9.90475,10.1684,10.4376,10.7088,10.9785,11.2443,11.5037,11.755,11.9965,12.2268,12.4451,12.6503,12.8418,13.019,13.1813,13.3283,13.4598,13.5754,13.6749,13.7581,13.8248,13.8749,13.9084,13.9252,13.9252
9.96283,9.96283,9.9482,9.91907,9.87574,9.81869,9.74858,9.66639,9.5734,9.47133,9.3624,9.24943,9.1359,9.02609,8.92505,8.83864,8.77341,8.73652,8.73537,8.77731,8.86913,9.01646,9.22315,9.49061,9.81731,10.1983,10.6251,11.0858,11.5661,12.0497,12.5202,12.9626,13.3651,13.7206,14.028,14.2923,14.5241,14.7383,14.9516,15.1799,15.4348,15.7218,16.0383,16.3728,16.7065,17.0146,17.2696,17.4443,17.5151,17.4645,17.2829,16.9696,16.5319,15.985,15.3494,14.6499,13.9127,13.1642,12.429,11.7289,11.0819,10.5019,9.99873,9.57815,9.24238,8.99057,8.81939,8.72363,8.69674,8.73133,8.81959,8.95364,9.12582,9.32886,9.556,9.80114,10.0588,10.3242,10.5931,10.8621,11.128,11.3883,11.6409,11.8841,12.1164,12.3366,12.5439,12.7373,12.9163,13.0804,13.229,13.3619,13.4787,13.5793,13.6634,13.7308,13.7815,13.8153,13.8323,13.8323
9.85486,9.85486,9.84002,9.8105,9.76659,9.70878,9.63776,9.55453,9.46043,9.35723,9.24723,9.13335,9.01922,8.90926,8.80876,8.72379,8.66121,8.62848,8.63334,8.68349,8.78604,8.94694,9.17026,9.45759,9.8074,10.2146,10.6706,11.1632,11.6773,12.1964,12.7035,13.1834,13.6242,14.019,14.3671,14.6744,14.9526,15.2178,15.4879,15.7791,16.1037,16.4662,16.8626,17.2794,17.6947,18.0804,18.4054,18.6391,18.755,18.7333,18.563,18.2427,17.7804,17.192,16.5002,15.7318,14.9158,14.0812,13.2553,12.4623,11.7227,11.0524,10.4628,9.96106,9.55026,9.23022,8.99798,8.84839,8.77478,8.76945,8.82415,8.93049,9.0802,9.26538,9.4787,9.71344,9.96357,10.2238,10.4894,10.7566,11.0218,11.2824,11.5359,11.7803,12.0142,12.2362,12.4452,12.6404,12.8211,12.9867,13.1368,13.271,13.389,13.4906,13.5755,13.6436,13.6948,13.729,13.7461,13.7461
9.7555,9.7555,9.74047,9.71057,9.6661,9.60755,9.53565,9.45141,9.35621,9.25186,9.14073,9.02584,8.91093,8.80057,8.70021,8.61617,8.55555,8.52609,8.53587,8.59293,8.70473,8.87756,9.11582,9.42134,9.79277,10.2252,10.7098,11.2345,11.7839,12.3412,12.8893,13.4126,13.8992,14.3422,14.7413,15.1028,15.4388,15.7661,16.1028,16.4655,16.8658,17.3076,17.7853,18.2832,18.7767,19.235,19.6239,19.9102,20.0647,20.0661,19.9021,19.5712,19.0815,18.4502,17.7016,16.8645,15.9702,15.0501,14.134,13.2486,12.4163,11.6549,10.9777,10.3929,9.90488,9.51403,9.21785,9.01139,8.88795,8.83961,8.85777,8.93356,9.05817,9.22313,9.42049,9.64294,9.8839,10.1375,10.3987,10.6631,10.9268,11.1869,11.4407,11.6859,11.9209,12.1443,12.3548,12.5515,12.7337,12.9008,13.0522,13.1877,13.3068,13.4093,13.4949,13.5637,13.6153,13.6498,13.6671,13.6671
9.66528,9.66528,9.65008,9.61982,9.57482,9.51557,9.44282,9.35759,9.2613,9.1558,9.04351,8.92751,8.81165,8.70064,8.60006,8.51642,8.45707,8.43,8.44361,8.50629,8.62588,8.80903,9.06056,9.38267,9.77437,10.231,10.7441,11.3015,11.8882,12.4871,13.0812,13.6548,14.1958,14.6973,15.1588,15.5864,15.9924,16.3932,16.8065,17.2484,17.7296,18.2527,18.8106,19.3855,19.9509,20.4736,20.9171,21.2463,21.4305,21.4469,21.2828,20.9364,20.4164,19.741,18.9357,18.0311,17.0604,16.0572,15.0533,14.0774,13.154,12.3027,11.5381,10.87,10.3037,9.84043,9.47827,9.21256,9.03668,8.94261,8.92149,8.96406,9.06104,9.20341,9.38266,9.59089,9.82097,10.0665,10.3219,10.5824,10.8438,11.1026,11.356,11.6015,11.8373,12.0616,12.2733,12.4713,12.6548,12.8232,12.9758,13.1123,13.2324,13.3357,13.4221,13.4914,13.5435,13.5783,13.5957,13.5957
9.58472,9.58472,9.56935,9.53875,9.49325,9.43334,9.35978,9.27361,9.17625,9.0696,8.95612,8.83895,8.722,8.61009,8.50893,8.4252,8.36644,8.34091,8.35729,8.42431,8.55022,8.74212,9.00528,9.34242,9.75308,10.2331,10.7745,11.3655,11.9915,12.6357,13.281,13.912,14.5162,15.0865,15.6218,16.1277,16.6155,17.1006,17.5997,18.1274,18.6929,19.2975,19.9322,20.5778,21.206,21.7822,22.2688,22.6292,22.8321,22.8543,22.6827,22.3158,21.7628,21.0427,20.1819,19.2126,18.1693,17.0871,15.9997,14.9375,13.9265,12.988,12.1381,11.3878,10.7435,10.2074,9.7781,9.45148,9.22111,9.079,9.01616,9.02304,9.08995,9.20742,9.3664,9.55846,9.7759,10.0118,10.2601,10.5156,10.7736,11.0303,11.2826,11.5278,11.7638,11.9888,12.2013,12.4003,12.5849,12.7543,12.9079,13.0454,13.1663,13.2704,13.3574,13.4273,13.4797,13.5148,13.5323,13.5323
9.51427,9.51427,9.49874,9.46783,9.42186,9.36134,9.28702,9.19995,9.10157,8.9938,8.87911,8.7607,8.64255,8.52952,8.42745,8.34316,8.28435,8.25951,8.27762,8.34775,8.47853,8.67758,8.95073,9.30131,9.72954,10.232,10.8013,11.4266,12.0936,12.7863,13.4877,14.1825,14.858,15.5065,16.1261,16.721,17.3011,17.8798,18.4719,19.09,19.7415,20.4255,21.1317,21.8396,22.5199,23.1372,23.6537,24.0327,24.243,24.2613,24.0753,23.6835,23.0957,22.3316,21.4183,20.3887,19.2785,18.1238,16.9593,15.8169,14.7238,13.7029,12.7713,11.9415,11.2208,10.6124,10.1159,9.72745,9.44115,9.24916,9.14248,9.11141,9.14597,9.23629,9.37287,9.54677,9.74976,9.97445,10.2142,10.4634,10.7169,10.9707,11.2212,11.4654,11.7011,11.9262,12.1393,12.3389,12.5243,12.6945,12.849,12.9873,13.1089,13.2137,13.3013,13.3715,13.4244,13.4596,13.4773,13.4773
9.45435,9.45435,9.43868,9.40748,9.36109,9.3,9.22497,9.13707,9.03772,8.92886,8.81298,8.6933,8.57382,8.45949,8.35622,8.27091,8.21144,8.18649,8.2053,8.27728,8.4115,8.61608,8.89747,9.25974,9.70393,10.2275,10.824,11.4835,12.1926,12.9358,13.6969,14.4604,15.2135,15.9477,16.6597,17.352,18.0321,18.7112,19.4011,20.1119,20.8484,21.608,22.3786,23.139,23.8595,24.5051,25.0384,25.4237,25.6304,25.6365,25.4301,25.0105,24.3881,23.5827,22.6219,21.5388,20.3695,19.1508,17.9179,16.7035,15.536,14.4391,13.4312,12.526,11.7319,11.0531,10.49,10.0396,9.69655,9.4533,9.30101,9.22997,9.23004,9.29106,9.40312,9.55686,9.74358,9.95536,10.1851,10.4267,10.6747,10.9245,11.1723,11.4149,11.6497,11.8745,12.0876,12.2876,12.4735,12.6443,12.7995,12.9384,13.0606,13.1659,13.254,13.3246,13.3777,13.4132,13.4309,13.4309
9.40532,9.40532,9.38953,9.35808,9.31131,9.24971,9.17405,9.08537,8.98511,8.87521,8.75816,8.63719,8.51632,8.40052,8.29575,8.20902,8.1483,8.12245,8.14095,8.21352,8.34967,8.55805,8.84579,9.21775,9.67589,10.2187,10.8409,11.5336,12.2844,13.0789,13.9012,14.736,15.5703,16.3945,17.2038,17.9983,18.7829,19.5655,20.3547,21.1575,21.9758,22.805,23.6317,24.4342,25.1832,25.8447,26.3828,26.7633,26.9576,26.9449,26.7147,26.2669,25.6123,24.7709,23.77,22.6426,21.4246,20.1525,18.862,17.586,16.3534,15.1888,14.1116,13.1365,12.2731,11.5267,10.8987,10.387,9.98697,9.69153,9.49222,9.37943,9.34303,9.37266,9.45815,9.58974,9.7583,9.95546,10.1737,10.4063,10.6475,10.8924,11.1366,11.3769,11.6101,11.8341,12.0468,12.2468,12.4329,12.6041,12.7596,12.899,13.0217,13.1274,13.2158,13.2868,13.3401,13.3758,13.3936,13.3936
9.36752,9.36752,9.35162,9.31996,9.27286,9.21081,9.13458,9.0452,8.94411,8.83323,8.71505,8.59278,8.47045,8.35304,8.24653,8.15797,8.09542,8.06789,8.08505,8.15693,8.29343,8.50374,8.79568,9.17497,9.64454,10.204,10.8494,11.5729,12.3636,13.2077,14.0902,14.9961,15.9118,16.8267,17.734,18.6315,19.5207,20.4059,21.2922,22.183,23.0774,23.9686,24.8422,25.6765,26.4431,27.1096,27.6425,28.01,28.1857,28.151,27.8965,27.4231,26.7418,25.8723,24.8415,23.6814,22.4272,21.1148,19.7795,18.4539,17.1674,15.9449,14.8068,13.7686,12.8411,12.031,11.3405,10.7689,10.3121,9.96396,9.7165,9.56044,9.48573,9.482,9.53888,9.64632,9.79483,9.9756,10.1807,10.4029,10.6361,10.8749,11.1147,11.3517,11.5828,11.8053,12.0172,12.2168,12.4027,12.574,12.7298,12.8694,12.9924,13.0984,13.1871,13.2583,13.3119,13.3476,13.3655,13.3655
9.34123,9.34123,9.32523,9.29339,9.24601,9.18359,9.10686,9.01687,8.91503,8.80324,8.68397,8.56042,8.43659,8.31744,8.20895,8.11817,8.05324,8.02323,8.038,8.10782,8.24298,8.45317,8.74688,9.13068,9.60854,10.1813,10.8461,11.5966,12.4232,13.3131,14.2521,15.2253,16.2188,17.2208,18.2225,19.219,20.2083,21.1911,22.1684,23.1402,24.1027,25.047,25.9581,26.8143,27.5891,28.2522,28.7728,29.1224,29.2771,29.2204,28.9448,28.4519,27.7525,26.8659,25.8178,24.6391,23.3635,22.0258,20.6601,19.2987,17.9708,16.7015,15.5119,14.4185,13.4332,12.5638,11.8141,11.1843,10.6716,10.2707,9.97425,9.77357,9.65888,9.61989,9.64617,9.72747,9.854,10.0166,10.2068,10.4172,10.6411,10.8727,11.107,11.34,11.5682,11.7887,11.9992,12.198,12.3834,12.5545,12.7102,12.8499,12.9731,13.0792,13.1681,13.2395,13.2931,13.3289,13.3469,13.3469
9.32665,9.32665,9.31059,9.2786,9.231,9.16826,9.09113,9.00061,8.89811,8.78549,8.6652,8.54039,8.41502,8.29402,8.18332,8.08996,8.02207,7.98879,8.00008,8.06641,8.1984,8.4062,8.69893,9.08398,9.5663,10.1479,10.8273,11.5995,12.4559,13.3853,14.374,15.4075,16.4713,17.5526,18.6406,19.7275,20.8081,21.8791,22.9379,23.9807,25.0013,25.989,26.928,27.7978,28.5733,29.2273,29.7321,30.0624,30.1974,30.1231,29.8332,29.3301,28.6245,27.7345,26.6845,25.5033,24.2228,22.8762,21.4961,20.1138,18.7581,17.4541,16.2234,15.0834,14.0472,13.1238,12.3185,11.6328,11.0653,10.6118,10.2659,10.0194,9.86316,9.78708,9.78081,9.83398,9.93659,10.0791,10.2529,10.4498,10.663,10.8862,11.114,11.3421,11.5666,11.7844,11.9931,12.1905,12.3752,12.5457,12.7011,12.8407,12.9638,13.07,13.1589,13.2303,13.2841,13.3199,13.3379,13.3379
9.32397,9.32397,9.30786,9.27576,9.22799,9.16502,9.08756,8.99662,8.89355,8.78019,8.65895,8.53291,8.40598,8.28302,8.16989,8.07358,8.00218,7.9648,7.97148,8.03283,8.15969,8.36263,8.65132,9.03388,9.51622,10.1014,10.7893,11.5762,12.4549,13.415,14.4439,15.5273,16.6504,17.7993,18.9613,20.126,21.2849,22.4312,23.5587,24.6605,25.7277,26.7483,27.7065,28.5827,29.3541,29.9963,30.4851,30.7987,30.9192,30.835,30.5413,30.0408,29.3436,28.4664,27.4315,26.2657,24.9983,23.6603,22.2826,20.8952,19.5259,18.1999,16.939,15.7615,14.6816,13.7098,12.853,12.1142,11.4933,10.9876,10.5918,10.2985,10.0992,9.98431,9.94354,9.96659,10.0433,10.1639,10.3194,10.5014,10.7024,10.9159,11.1361,11.3583,11.5783,11.7929,11.9991,12.1948,12.3782,12.5478,12.7027,12.8419,12.9648,13.0709,13.1597,13.2311,13.2848,13.3207,13.3387,13.3387
9.3333,9.3333,9.31716,9.285,9.23712,9.17399,9.09629,9.00501,8.90147,8.78747,8.66535,8.53812,8.40963,8.28461,8.16885,8.06923,7.99374,7.95145,7.95236,8.00715,8.12684,8.32228,8.6036,8.97957,9.45692,10.0398,10.7291,11.5225,12.4139,13.3942,14.4515,15.5717,16.7401,17.9415,19.1619,20.3883,21.6093,22.8151,23.9962,25.143,26.2446,27.288,28.2574,29.1345,29.8991,30.5298,31.0058,31.3087,31.4235,31.3407,31.0566,30.5739,29.9019,29.0554,28.0543,26.9227,25.6871,24.3759,23.0178,21.6412,20.2728,18.9376,17.6577,16.4519,15.3359,14.3216,13.4174,12.6283,11.9558,11.3985,10.9524,10.6114,10.3677,10.2122,10.135,10.1259,10.1748,10.2716,10.4069,10.5723,10.7596,10.9621,11.1737,11.389,11.6037,11.8142,12.0174,12.2108,12.3925,12.561,12.7151,12.8537,12.9762,13.082,13.1706,13.2419,13.2955,13.3314,13.3493,13.3493
9.35471,9.35471,9.33855,9.30637,9.25844,9.19522,9.11738,9.02586,8.92196,8.80741,8.68449,8.55613,8.42606,8.29891,8.18033,8.07704,7.99691,7.94888,7.94286,7.98952,8.09992,8.28511,8.55557,8.92056,9.38755,9.96153,10.6445,11.4352,12.3288,13.3171,14.3891,15.5312,16.7284,17.9651,19.2256,20.4952,21.7601,23.0076,24.2258,25.4029,26.5263,27.5825,28.5562,29.4308,30.1882,30.8103,31.2796,31.5806,31.7013,31.6336,31.3748,30.9272,30.2986,29.5018,28.5539,27.4757,26.2908,25.0244,23.703,22.3529,20.9998,19.668,18.3798,17.155,16.0103,14.9593,14.0121,13.1755,12.453,11.8447,11.3483,10.9587,10.6692,10.4714,10.3559,10.3126,10.3315,10.4025,10.516,10.663,10.8352,11.0253,11.227,11.4344,11.643,11.8486,12.0481,12.2388,12.4185,12.5854,12.7383,12.8761,12.998,13.1033,13.1917,13.2628,13.3162,13.352,13.3699,13.3699
9.38819,9.38819,9.37204,9.33988,9.29196,9.22873,9.15084,9.05919,8.95503,8.84004,8.7164,8.58697,8.45534,8.32599,8.2044,8.09712,8.01182,7.95725,7.94317,7.98011,8.07912,8.2513,8.50734,8.85688,9.30792,9.86621,10.5347,11.313,12.1974,13.1808,14.2528,15.4005,16.609,17.862,19.1432,20.4361,21.7253,22.996,24.2342,25.4266,26.5597,27.6197,28.5922,29.4622,30.2142,30.8328,31.3035,31.6139,31.7539,31.7169,31.5004,31.106,30.5399,29.812,28.9365,27.9308,26.8148,25.6108,24.3423,23.0337,21.7094,20.3931,19.1071,17.872,16.7057,15.6236,14.6375,13.7563,12.9854,12.3268,11.7798,11.3408,11.0041,10.7623,10.6065,10.5271,10.5141,10.5573,10.6469,10.7738,10.9293,11.1057,11.2962,11.4947,11.6962,11.8963,12.0915,12.2788,12.4559,12.621,12.7724,12.9091,13.0302,13.135,13.2229,13.2936,13.3469,13.3825,13.4004,13.4004
9.43371,9.43371,9.41759,9.38548,9.33764,9.27448,9.19662,9.10495,9.00064,8.88531,8.76106,8.63062,8.49745,8.36585,8.24111,8.12956,8.0386,7.97676,7.95354,7.97927,8.06485,8.22134,8.45947,8.78913,9.2187,9.7545,10.4002,11.1563,12.0201,12.9853,14.0425,15.1792,16.3809,17.6312,18.9131,20.2093,21.5032,22.7785,24.0201,25.2135,26.345,27.401,28.3681,29.2331,29.9829,30.6047,31.0868,31.4189,31.5929,31.6029,31.4462,31.1234,30.6382,29.998,29.2134,28.2979,27.268,26.1425,24.9422,23.6891,22.4061,21.1163,19.8421,18.6048,17.4236,16.3155,15.2945,14.3713,13.5535,12.8452,12.2473,11.758,11.3729,11.0854,10.8874,10.7697,10.7226,10.736,10.8,10.905,11.0422,11.2034,11.3814,11.5699,11.7634,11.9571,12.1474,12.3308,12.505,12.6677,12.8174,12.9528,13.0728,13.1768,13.2642,13.3346,13.3876,13.423,13.4407,13.4407
9.49115,9.49115,9.47509,9.44308,9.39536,9.33235,9.25463,9.16303,9.05869,8.94314,8.81838,8.68702,8.55235,8.41849,8.29049,8.17442,8.0774,8.00762,7.9743,7.98746,8.05774,8.19604,8.41301,8.71861,9.12146,9.62827,10.2433,10.9678,11.7999,12.7341,13.7619,14.8716,16.0489,17.2779,18.5414,19.8218,21.1016,22.3641,23.5934,24.7749,25.8948,26.9403,27.8992,28.7602,29.5122,30.1449,30.6489,31.0159,31.2386,31.3117,31.2319,30.998,30.6114,30.0762,29.3993,28.5904,27.6621,26.6297,25.5109,24.3256,23.0951,21.8418,20.588,19.3558,18.1656,17.0363,15.9837,15.0209,14.1576,13.4,12.7511,12.2106,11.7756,11.4406,11.1985,11.0406,10.9574,10.939,10.9753,11.0566,11.1738,11.3184,11.4828,11.6601,11.8446,12.0312,12.2158,12.3948,12.5655,12.7256,12.8732,13.007,13.1258,13.2289,13.3156,13.3854,13.4381,13.4733,13.4909,13.4909
9.56037,9.56037,9.54438,9.51251,9.46499,9.4022,9.32471,9.23329,9.12904,9.01338,8.88824,8.75605,8.61995,8.48385,8.35254,8.23177,8.12836,8.05012,8.00588,8.00529,8.05865,8.17655,8.36946,8.64725,9.01862,9.49053,10.0677,10.7519,11.542,12.4334,13.4185,14.4862,15.6231,16.8138,18.0412,19.2881,20.5369,21.7708,22.9742,24.1324,25.2324,26.2623,27.2115,28.0703,28.8297,29.4816,30.0183,30.4326,30.7183,30.8698,30.8825,30.7535,30.4813,30.0664,29.512,28.8237,28.0102,27.0833,26.0577,24.9508,23.7823,22.5739,21.348,20.1271,18.9333,17.7868,16.7057,15.7053,14.7977,13.9911,13.2908,12.6982,12.212,11.8279,11.5398,11.3396,11.2183,11.166,11.1727,11.2286,11.3243,11.4508,11.6001,11.7652,11.9398,12.1184,12.2967,12.4707,12.6374,12.7944,12.9396,13.0716,13.189,13.291,13.3769,13.4461,13.4983,13.5333,13.5508,13.5508
9.64116,9.64116,9.62526,9.59356,9.5463,9.48381,9.40664,9.31552,9.21147,9.09585,8.97043,8.83755,8.70012,8.56184,8.42721,8.30168,8.19165,8.10457,8.04879,8.03353,8.06865,8.16433,8.33075,8.57756,8.91339,9.34531,9.87828,10.5147,11.2539,12.0922,13.0227,14.0354,15.1178,16.255,17.4312,18.6292,19.8324,21.0244,22.19,23.3157,24.3892,25.4,26.3391,27.1984,27.9709,28.6499,29.2293,29.7029,30.0643,30.3076,30.4267,30.4162,30.2716,29.9899,29.5701,29.014,28.3263,27.515,26.5918,25.5718,24.4733,23.3168,22.1248,20.9206,19.7274,18.5672,17.4603,16.4241,15.473,14.6179,13.8657,13.2201,12.6813,12.2466,11.9106,11.6662,11.5047,11.4166,11.392,11.4207,11.4931,11.6001,11.7333,11.885,12.0487,12.2185,12.3897,12.5582,12.7205,12.8741,13.0166,13.1464,13.2622,13.363,13.4479,13.5164,13.5682,13.6028,13.6201,13.6201
9.73325,9.73325,9.71746,9.68598,9.63903,9.57692,9.50017,9.40946,9.30574,9.19028,9.06475,8.9313,8.79268,8.65233,8.51446,8.38416,8.26745,8.17129,8.10358,8.07302,8.08894,8.16107,8.29913,8.51248,8.80956,9.19742,9.68117,10.2635,10.9446,11.7212,12.5874,13.5343,14.5503,15.6219,16.7339,17.8706,19.0162,20.1554,21.2743,22.3602,23.4025,24.3921,25.3215,26.1844,26.9753,27.689,28.3202,28.8631,29.3113,29.6576,29.8943,30.0132,30.0067,29.8681,29.5924,29.1772,28.6232,27.9351,27.1215,26.195,25.1723,24.0732,22.9201,21.7368,20.5478,19.3768,18.2462,17.1758,16.1821,15.2785,14.4742,13.7748,13.1823,12.6954,12.3098,12.0194,11.8159,11.6902,11.6324,11.6323,11.68,11.7661,11.8817,12.019,12.1709,12.3312,12.4948,12.6571,12.8146,12.9643,13.1038,13.2313,13.3453,13.4446,13.5285,13.5962,13.6474,13.6816,13.6988,13.6988
9.83633,9.83633,9.82067,9.78945,9.74286,9.68122,9.60498,9.51478,9.41153,9.29638,9.17088,9.03704,8.8974,8.75514,8.61417,8.47922,8.35587,8.25063,8.17084,8.12465,8.12084,8.16856,8.27706,8.45527,8.71133,9.05217,9.48297,10.0068,10.624,11.3324,12.1269,12.9996,13.9403,14.9365,15.9747,17.0405,18.1195,19.1978,20.2631,21.3044,22.3124,23.2798,24.2007,25.0703,25.8846,26.6394,27.3299,27.9504,28.494,28.9519,29.3144,29.5707,29.7097,29.721,29.5955,29.327,28.9122,28.3523,27.653,26.8245,25.882,24.8442,23.7336,22.5745,21.3926,20.2133,19.0609,17.9574,16.9221,15.9703,15.1137,14.3599,13.7126,13.1722,12.7357,12.3976,12.1505,11.9855,11.8929,11.8624,11.884,11.9479,12.045,12.1669,12.3061,12.4561,12.6114,12.7671,12.9193,13.0648,13.201,13.3259,13.4379,13.5356,13.6183,13.6851,13.7357,13.7695,13.7865,13.7865
9.95004,9.95004,9.93454,9.90361,9.85744,9.79633,9.7207,9.63114,9.52848,9.41379,9.2885,9.15446,9.014,8.87004,8.7262,8.58681,8.45703,8.34286,8.25111,8.18931,8.16564,8.18866,8.26704,8.40923,8.623,8.91508,9.29061,9.75283,10.3026,10.9385,11.6562,12.4489,13.3079,14.2222,15.1798,16.168,17.1741,18.1862,19.1936,20.1871,21.1593,22.1045,23.0184,23.8978,24.7397,25.5405,26.296,27.0001,27.6449,28.2201,28.7137,29.1119,29.4006,29.5653,29.5933,29.4742,29.2013,28.7722,28.1896,27.4617,26.6019,25.6281,24.5626,23.4302,22.2577,21.072,19.8996,18.7645,17.6883,16.6889,15.78,14.9715,14.2689,13.6741,13.1855,12.7985,12.5065,12.3008,12.172,12.1099,12.1041,12.1448,12.2222,12.3278,12.4536,12.5927,12.7391,12.8876,13.0342,13.1752,13.3078,13.4299,13.5397,13.6357,13.7171,13.783,13.8328,13.8662,13.883,13.883
10.074,10.074,10.0586,10.028,9.98236,9.92185,9.84692,9.75811,9.65617,9.54211,9.41722,9.28318,9.14213,8.99675,8.85032,8.70682,8.57095,8.44821,8.34484,8.26779,8.22457,8.22311,8.27149,8.3776,8.54881,8.79154,9.11089,9.5102,9.9908,10.5518,11.1898,11.8995,12.6731,13.5016,14.3746,15.2814,16.2112,17.1541,18.1013,19.0457,19.9818,20.9055,21.8141,22.7057,23.5781,24.4286,25.2526,26.0437,26.7927,27.4878,28.1144,28.656,29.0951,29.4136,29.5952,29.6256,29.4945,29.1963,28.731,28.1044,27.3284,26.4201,25.4014,24.2975,23.1363,21.9463,20.7554,19.5903,18.4745,17.4282,16.4677,15.6046,14.8466,14.197,13.6556,13.219,12.881,12.6337,12.4677,12.3729,12.3389,12.3553,12.4124,12.5009,12.6126,12.7402,12.8772,13.0183,13.1588,13.295,13.4238,13.5429,13.6503,13.7445,13.8245,13.8893,13.9384,13.9713,13.9879,13.9879
10.2077,10.2077,10.1925,10.1623,10.1171,10.0573,9.98317,9.89523,9.79416,9.68088,9.55657,9.42277,9.2814,9.13491,8.98625,8.83905,8.69757,8.56679,8.45241,8.36074,8.29867,8.27347,8.29258,8.36333,8.49263,8.68658,8.95013,9.28673,9.69806,10.1838,10.7417,11.3673,12.0545,12.7959,13.583,14.4071,15.2594,16.1323,17.019,17.9143,18.8148,19.718,20.6228,21.5282,22.433,23.3346,24.2285,25.1073,25.9608,26.7751,27.5335,28.2166,28.8037,29.2735,29.6057,29.7829,29.7911,29.6219,29.2724,28.7463,28.054,27.2116,26.2407,25.1669,24.0188,22.8262,21.619,20.4256,19.2719,18.1803,17.1693,16.2525,15.4396,14.7356,14.1415,13.6549,13.2707,12.9812,12.7775,12.6494,12.5865,12.5781,12.6142,12.6851,12.7823,12.8979,13.0252,13.1584,13.2925,13.4237,13.5485,13.6644,13.7694,13.8616,13.9401,14.0038,14.0521,14.0845,14.1008,14.1008
10.3507,10.3507,10.3357,10.3059,10.2613,10.2022,10.129,10.042,9.94192,9.82958,9.70606,9.57273,9.43134,9.28407,9.13361,8.9832,8.83669,8.69857,8.57397,8.46862,8.38875,8.34099,8.33214,8.36895,8.45783,8.60455,8.81389,9.08937,9.43296,9.84497,10.3239,10.8667,11.4686,12.1239,12.826,13.5682,14.3439,15.1476,15.9748,16.8222,17.6882,18.5721,19.4739,20.3939,21.3313,22.2837,23.2463,24.211,25.1662,26.0961,26.982,27.8016,28.5313,29.1466,29.624,29.9427,30.0856,30.0413,29.8046,29.377,28.7672,27.9904,27.0679,26.0254,24.8921,23.6992,22.4781,21.2589,20.0698,18.9352,17.8756,16.907,16.0406,15.2832,14.6372,14.1013,13.6711,13.3397,13.0982,12.9367,12.8446,12.8112,12.826,12.8791,12.9614,13.0648,13.1821,13.3072,13.4348,13.5608,13.6815,13.7941,13.8964,13.9866,14.0635,14.1261,14.1735,14.2054,14.2214,14.2214
10.5024,10.5024,10.4877,10.4583,10.4143,10.356,10.2837,10.1978,10.0989,9.98767,9.86514,9.73253,9.59141,9.44375,9.29194,9.13888,8.98802,8.84337,8.70953,8.59165,8.49534,8.42657,8.39154,8.39641,8.44711,8.54902,8.70676,8.92385,9.20257,9.54376,9.94681,10.4097,10.9292,11.5012,12.121,12.7839,13.4856,14.2224,14.992,15.7933,16.6261,17.4915,18.3907,19.3247,20.2933,21.2942,22.3222,23.3683,24.4195,25.4586,26.4645,27.4127,28.2768,29.0293,29.6439,30.0966,30.3675,30.4426,30.3141,29.9816,29.4524,28.7405,27.8667,26.8568,25.7405,24.55,23.3179,22.0764,20.8551,19.6808,18.5758,17.5581,16.6407,15.8321,15.136,14.5522,14.0773,13.7047,13.4261,13.2317,13.1108,13.0525,13.046,13.0812,13.1486,13.2397,13.347,13.4639,13.585,13.7056,13.822,13.9312,14.0308,14.119,14.1943,14.2556,14.3022,14.3335,14.3493,14.3493
10.6623,10.6623,10.6478,10.6188,10.5755,10.5181,10.4469,10.3622,10.2645,10.1545,10.0332,9.90155,9.76102,9.61335,9.46068,9.30557,9.1511,9.00084,8.85887,8.72979,8.61861,8.53071,8.47166,8.44707,8.46237,8.52259,8.63214,8.79456,9.01234,9.28686,9.61827,10.0057,10.4471,10.9401,11.4818,12.0694,12.7005,13.3737,14.0884,14.8455,15.6465,16.4937,17.3896,18.3359,19.3327,20.3778,21.4654,22.5859,23.725,24.8641,25.98,27.0462,28.0338,28.9128,29.6543,30.2315,30.6221,30.8094,30.7835,30.5421,30.0908,29.4427,28.6179,27.6421,26.5454,25.3606,24.1216,22.8619,21.613,20.4033,19.2572,18.1944,17.2299,16.3733,15.6301,15.001,14.4833,14.0714,13.7571,13.5309,13.382,13.2994,13.2723,13.2899,13.3427,13.4216,13.5189,13.6276,13.7421,13.8574,13.9695,14.0753,14.1722,14.2582,14.3318,14.3919,14.4376,14.4684,14.4838,14.4838
10.8298,10.8298,10.8155,10.787,10.7444,10.6879,10.6178,10.5343,10.438,10.3295,10.2095,10.0791,9.9395,9.79222,9.63918,9.48266,9.32536,9.17046,9.02155,8.88272,8.75843,8.65347,8.57283,8.52159,8.50472,8.52688,8.59228,8.70442,8.86602,9.07889,9.34393,9.66119,10.03,10.4494,10.9181,11.4352,12.0001,12.6134,13.2763,13.9912,14.7613,15.5902,16.4812,17.4366,18.457,19.5399,20.6794,21.865,23.0815,24.3088,25.5222,26.6934,27.7914,28.7842,29.6404,30.331,30.8313,31.1224,31.1924,31.0372,30.6609,30.0755,29.3001,28.3603,27.2862,26.1112,24.8702,23.5977,22.3269,21.0877,19.9061,18.8038,17.797,16.8972,16.1109,15.4401,14.883,14.4344,14.0867,13.8304,13.6551,13.5495,13.5025,13.5033,13.542,13.6091,13.6967,13.7975,13.9054,14.0154,14.1233,14.2257,14.3199,14.4037,14.4757,14.5345,14.5793,14.6095,14.6247,14.6247
11.0041,11.0041,10.9901,10.9621,10.9203,10.8648,10.7958,10.7137,10.6189,10.5119,10.3935,10.2646,10.1261,9.97963,9.82672,9.66941,9.51009,9.35153,9.19693,9.04987,8.9143,8.79447,8.69485,8.62001,8.57445,8.56252,8.58819,8.65493,8.76563,8.92249,9.12704,9.38024,9.68259,10.0343,10.4358,10.8877,11.3913,11.9485,12.5626,13.2372,13.9769,14.7864,15.6698,16.63,17.6678,18.7807,19.9624,21.2018,22.483,23.7847,25.081,26.3422,27.5357,28.6276,29.5846,30.376,30.9749,31.3605,31.519,31.4447,31.14,30.6159,29.8906,28.9891,27.9415,26.7813,25.5442,24.2656,22.9798,21.7181,20.5082,19.3731,18.3306,17.3935,16.5696,15.862,15.2695,14.7879,14.4099,14.1263,13.9266,13.7997,13.7343,13.7195,13.7448,13.8009,13.8792,13.9724,14.0741,14.179,14.2827,14.3818,14.4732,14.555,14.6253,14.6828,14.7267,14.7563,14.7712,14.7712
11.1848,11.1848,11.171,11.1436,11.1025,11.048,10.9802,10.8996,10.8063,10.7011,10.5844,10.4571,10.3201,10.1748,10.0225,9.86501,9.70445,9.54323,9.38417,9.23041,9.08543,8.95298,8.83705,8.74172,8.67111,8.6292,8.61977,8.64623,8.71159,8.81838,8.9687,9.16427,9.40657,9.69705,10.0374,10.4297,10.8766,11.3819,11.9498,12.5856,13.2949,14.0831,14.9553,15.9148,16.9624,18.0958,19.3084,20.5888,21.9202,23.2809,24.644,25.9785,27.2508,28.4258,29.4686,30.3468,31.0321,31.502,31.741,31.7418,31.5053,31.0412,30.3669,29.5065,28.4897,27.3503,26.124,24.847,23.5545,22.2789,21.0491,19.8893,18.8189,17.8519,16.9971,16.2586,15.6363,15.1264,14.722,14.4144,14.1932,14.0474,13.9655,13.9364,13.9496,13.9954,14.0652,14.1513,14.2471,14.3472,14.447,14.5428,14.6317,14.7113,14.78,14.8363,14.8793,14.9083,14.9229,14.9229
11.371,11.371,11.3575,11.3306,11.2903,11.2368,11.1704,11.0912,10.9996,10.8961,10.7813,10.6559,10.5207,10.3768,10.2256,10.0685,9.90749,9.74458,9.58226,9.42329,9.27072,9.12787,8.99827,8.88559,8.79353,8.72579,8.68592,8.67727,8.70291,8.76566,8.86807,9.0125,9.2013,9.43691,9.72213,10.0603,10.4554,10.9123,11.4366,12.0345,12.7126,13.4772,14.3337,15.2858,16.3348,17.4781,18.7091,20.0162,21.3824,22.7852,24.1975,25.5876,26.921,28.1619,29.2743,30.2247,30.9836,31.5269,31.8379,31.9075,31.7356,31.3303,30.7079,29.8918,28.911,27.7989,26.5913,25.3247,24.0348,22.7549,21.5149,20.3402,19.251,18.2626,17.3848,16.6227,15.9768,15.4441,15.0183,14.6909,14.4516,14.2897,14.1935,14.1521,14.1547,14.1915,14.2535,14.3332,14.4236,14.5192,14.6153,14.7081,14.7945,14.8722,14.9392,14.9943,15.0365,15.0649,15.0792,15.0792
11.5621,11.5621,11.5489,11.5225,11.483,11.4306,11.3655,11.2878,11.198,11.0964,10.9836,10.8602,10.727,10.5849,10.4352,10.2791,10.1182,9.95449,9.79004,9.62728,9.46888,9.31776,9.17704,9.05,8.94001,8.85046,8.78469,8.74596,8.7374,8.762,8.82268,8.92235,9.06401,9.25096,9.48691,9.7762,10.1239,10.5358,11.0185,11.579,12.2247,12.9625,13.7982,14.7358,15.7767,16.9186,18.1548,19.4736,20.858,22.2855,23.7286,25.1557,26.5319,27.8208,28.9861,29.9935,30.8124,31.4179,31.7918,31.924,31.8128,31.4651,30.8959,30.1274,29.188,28.1104,26.93,25.6834,24.4065,23.1331,21.8937,20.7146,19.6169,18.6167,17.7248,16.9472,16.2852,15.7362,15.2945,14.9519,14.6987,14.524,14.4164,14.3648,14.3585,14.3876,14.4431,14.517,14.6027,14.6943,14.787,14.877,14.9611,15.0369,15.1024,15.1563,15.1976,15.2255,15.2395,15.2395
11.7573,11.7573,11.7444,11.7186,11.6799,11.6286,11.5647,11.4887,11.4006,11.301,11.1903,11.0691,10.9381,10.7981,10.6502,10.4955,10.3355,10.1718,10.0063,9.84103,9.67841,9.521,9.37156,9.233,9.10839,9.00083,8.91346,8.84945,8.8119,8.80396,8.82881,8.88975,8.99033,9.13448,9.32665,9.57194,9.8762,10.246,10.6888,11.212,11.8237,12.5311,13.3404,14.2559,15.279,16.4078,17.6355,18.9508,20.3367,21.7711,23.2266,24.6718,26.0721,27.391,28.5922,29.6409,30.5062,31.1622,31.5899,31.778,31.7235,31.432,30.9171,30.1998,29.3075,28.2718,27.1276,25.9111,24.6582,23.4027,22.1756,21.0034,19.9083,18.9069,18.0108,17.2266,16.5564,15.9982,15.5468,15.1945,14.9318,14.748,14.632,14.5728,14.5596,14.5825,14.6326,14.7019,14.7835,14.8716,14.9613,15.0488,15.1307,15.2047,15.2689,15.3217,15.3622,15.3895,15.4033,15.4033
11.956,11.956,11.9433,11.918,11.8802,11.8299,11.7675,11.693,11.6068,11.5092,11.4007,11.2818,11.1531,11.0154,10.8697,10.7168,10.5582,10.3953,10.2296,10.0631,9.89772,9.73582,9.57983,9.43236,9.29617,9.17411,9.06913,8.98426,8.92259,8.88731,8.88179,8.90961,8.9747,9.08147,9.23488,9.44061,9.70507,10.0354,10.4394,10.9252,11.5009,12.1742,12.9514,13.837,14.8328,15.9367,17.1425,18.4392,19.8101,21.2338,22.6835,24.1283,25.5342,26.8652,28.0853,29.1599,30.0577,30.7526,31.2248,31.4619,31.4599,31.223,30.7634,30.1007,29.261,28.2747,27.1759,25.9999,24.7821,23.5564,22.3535,21.2004,20.1194,19.1277,18.2377,17.4564,16.7866,16.2267,15.7723,15.4159,15.1486,14.9598,14.8388,14.7746,14.7567,14.7752,14.8213,14.8869,14.9652,15.0503,15.1375,15.2227,15.3027,15.3751,15.438,15.4898,15.5295,15.5563,15.5698,15.5698
12.1572,12.1572,12.1448,12.1201,12.0831,12.034,11.9728,11.9,11.8156,11.7201,11.6138,11.4973,11.3711,11.2359,11.0926,10.942,10.7853,10.6237,10.4587,10.2919,10.1251,9.96033,9.79975,9.6457,9.50066,9.36727,9.24828,9.14657,9.06517,9.00728,8.97635,8.97615,9.01084,9.08512,9.20432,9.37446,9.60231,9.89535,10.2616,10.7095,11.2473,11.8827,12.6223,13.4707,14.4297,15.4977,16.6688,17.9324,19.2728,20.669,22.0954,23.522,24.9157,26.2415,27.464,28.5492,29.4661,30.1882,30.6955,30.9747,31.0208,30.8365,30.4329,29.8279,29.0459,28.1163,27.0716,25.9463,24.7749,23.5906,22.424,21.3019,20.2468,19.2762,18.4027,17.634,16.9733,16.4197,15.969,15.6145,15.3475,15.158,15.0354,14.9691,14.9487,14.9647,15.0081,15.0711,15.1469,15.2297,15.3148,15.3981,15.4765,15.5474,15.6091,15.6599,15.6989,15.7253,15.7385,15.7385
12.3604,12.3604,12.3483,12.3241,12.2879,12.2399,12.1801,12.1088,12.0263,11.9329,11.8289,11.7149,11.5913,11.4587,11.318,11.1699,11.0155,10.8558,10.6921,10.526,10.3589,10.1926,10.0291,9.87055,9.71909,9.57717,9.44735,9.33236,9.23514,9.15885,9.10694,9.08325,9.09207,9.13825,9.22729,9.36538,9.55947,9.81714,10.1465,10.556,11.054,11.6482,12.3451,13.1495,14.0632,15.0851,16.2097,17.427,18.7222,20.0755,21.4623,22.8541,24.2191,25.5234,26.7328,27.8141,28.7369,29.475,30.008,30.3223,30.4117,30.2779,29.9303,29.3854,28.6659,27.7995,26.8172,25.7521,24.6376,23.5061,22.3873,21.3079,20.2902,19.3516,18.505,17.7585,17.1156,16.576,16.136,15.7893,15.5276,15.3416,15.221,15.1554,15.135,15.1501,15.1923,15.2538,15.328,15.4092,15.4925,15.5743,15.6513,15.721,15.7815,15.8315,15.8698,15.8957,15.9088,15.9088
12.5646,12.5646,12.5528,12.5292,12.4938,12.4468,12.3884,12.3188,12.2381,12.1468,12.0451,11.9336,11.8126,11.6828,11.5448,11.3995,11.2476,11.0903,10.9286,10.7638,10.5973,10.4308,10.2659,10.1045,9.94866,9.80062,9.66274,9.53759,9.42797,9.33695,9.26795,9.22477,9.21172,9.23366,9.29612,9.40532,9.56817,9.79223,10.0855,10.4564,10.913,11.463,12.1129,12.8672,13.7283,14.6951,15.7628,16.9222,18.1594,19.4559,20.7888,22.1308,23.4518,24.7197,25.9017,26.9656,27.882,28.6253,29.175,29.5172,29.645,29.5589,29.2669,28.7838,28.1305,27.3329,26.4202,25.424,24.3761,23.3076,22.2476,21.2218,20.2521,19.356,18.5462,17.831,17.2142,16.6961,16.2733,15.9401,15.6888,15.5103,15.3951,15.3331,15.3148,15.3309,15.3733,15.4344,15.5078,15.5879,15.6701,15.7507,15.8265,15.8951,15.9547,16.0039,16.0416,16.0671,16.08,16.08
12.7693,12.7693,12.7577,12.7346,12.7,12.6541,12.5971,12.529,12.4502,12.3609,12.2616,12.1525,12.0342,11.9072,11.7721,11.6297,11.4806,11.326,11.1666,11.0038,10.8388,10.6729,10.5078,10.3451,10.1867,10.0346,9.89098,9.75831,9.63922,9.53665,9.45391,9.39471,9.36327,9.36437,9.40343,9.48655,9.62049,9.8126,10.0707,10.4029,10.817,11.3206,11.9199,12.6195,13.4219,14.3262,15.3284,16.42,17.5884,18.8164,20.0827,21.362,22.6259,23.8443,24.9858,26.0202,26.9189,27.6571,28.2149,28.5781,28.7391,28.6976,28.46,28.0395,27.4551,26.7307,25.8936,24.9734,24.0004,23.0041,22.0124,21.05,20.1381,19.2938,18.5298,17.8543,17.2714,16.7816,16.3821,16.0678,15.8314,15.6644,15.5577,15.5019,15.4878,15.5067,15.5506,15.6124,15.6858,15.7655,15.8469,15.9266,16.0015,16.0692,16.128,16.1765,16.2136,16.2388,16.2515,16.2515
12.9735,12.9735,12.9622,12.9396,12.9058,12.861,12.8052,12.7387,12.6617,12.5745,12.4774,12.3708,12.2552,12.131,11.9989,11.8595,11.7134,11.5617,11.4051,11.2447,11.0817,10.9173,10.7529,10.5901,10.4306,10.2761,10.1288,9.9908,9.86471,9.75328,9.65967,9.58743,9.54061,9.52384,9.54232,9.60191,9.7091,9.87093,10.0949,10.3887,10.7598,11.2155,11.7618,12.4033,13.1423,13.9786,14.9085,15.9246,17.0156,18.1657,19.3553,20.5611,21.7569,22.9144,24.0046,24.9986,25.8695,26.5936,27.1513,27.5287,27.7177,27.717,27.5319,27.1737,26.6597,26.0116,25.2546,24.4162,23.5248,22.6082,21.6927,20.8019,19.9562,19.1719,18.4614,17.8329,17.2906,16.8353,16.4646,16.1739,15.9564,15.8044,15.7092,15.662,15.6541,15.6773,15.724,15.7873,15.8614,15.9412,16.0224,16.1015,16.1757,16.2427,16.3007,16.3486,16.3853,16.4101,16.4226,16.4226
13.1765,13.1765,13.1654,13.1434,13.1104,13.0666,13.0121,12.9471,12.8719,12.7867,12.6918,12.5877,12.4747,12.3534,12.2242,12.0879,11.9449,11.7963,11.6426,11.4851,11.3245,11.1622,10.9994,10.8374,10.6779,10.5225,10.373,10.2316,10.1006,9.98252,9.88045,9.79771,9.73813,9.70608,9.70649,9.7449,9.82742,9.9607,10.1518,10.4079,10.7362,11.1435,11.6355,12.2166,12.8894,13.6539,14.5069,15.4422,16.4493,17.5144,18.6196,19.7437,20.8627,21.9505,22.9801,23.9248,24.7593,25.461,26.0113,26.3964,26.6081,26.6443,26.5089,26.2119,25.7684,25.1981,24.524,23.7714,22.9665,22.1352,21.3021,20.4895,19.7165,18.9989,18.3483,17.7729,17.2768,16.8611,16.5238,16.2606,16.0657,15.9315,15.8503,15.8138,15.8137,15.8425,15.893,15.9588,16.0343,16.1147,16.196,16.2748,16.3484,16.4148,16.4723,16.5197,16.5559,16.5804,16.5927,16.5927
13.3776,13.3776,13.3668,13.3452,13.313,13.2702,13.2169,13.1534,13.0799,12.9967,12.904,12.8023,12.692,12.5734,12.4472,12.3139,12.1742,12.0287,11.8782,11.7236,11.5659,11.4062,11.2455,11.0851,10.9265,10.7712,10.6209,10.4775,10.3432,10.2205,10.112,10.0209,9.95076,9.90571,9.89031,9.90971,9.96961,10.0762,10.2359,10.4556,10.7419,11.1011,11.5386,12.0587,12.664,13.3547,14.1283,14.9794,15.8989,16.8745,17.8901,18.9267,19.9625,20.9739,21.936,22.8242,23.6151,24.2876,24.8239,25.2108,25.44,25.5087,25.4198,25.1817,24.8076,24.3151,23.725,23.0603,22.3448,21.6025,20.856,20.1262,19.4308,18.7846,18.1988,17.6811,17.2356,16.8634,16.5631,16.3308,16.1611,16.0472,15.982,15.9577,15.967,16.0025,16.0577,16.1266,16.204,16.2855,16.3671,16.4459,16.5192,16.5852,16.6422,16.6891,16.7249,16.7491,16.7613,16.7613
13.576,13.576,13.5655,13.5444,13.5129,13.471,13.4189,13.3569,13.2851,13.2038,13.1132,13.0139,12.9061,12.7903,12.667,12.5367,12.4001,12.2578,12.1106,11.9592,11.8046,11.6477,11.4895,11.3313,11.1744,11.02,10.8699,10.7258,10.5896,10.4636,10.3504,10.2527,10.174,10.118,10.0888,10.0913,10.1306,10.2123,10.3426,10.5275,10.7732,11.0855,11.4695,11.9293,12.4673,13.084,13.7777,14.5435,15.3738,16.2577,17.181,18.1268,19.0756,20.0061,20.8959,21.7225,22.4644,23.102,23.6188,24.0021,24.2437,24.3404,24.2941,24.1118,23.8049,23.3888,22.8821,22.3054,21.6803,21.0286,20.371,19.7265,19.1116,18.54,18.0221,17.5651,17.1732,16.8474,16.5866,16.3874,16.2449,16.1531,16.1054,16.0947,16.1142,16.1573,16.2179,16.2905,16.3703,16.4531,16.5354,16.6143,16.6875,16.7531,16.8097,16.8561,16.8916,16.9156,16.9277,16.9277
13.7711,13.7711,13.7607,13.7401,13.7093,13.6684,13.6175,13.5568,13.4866,13.4071,13.3187,13.2216,13.1162,13.0031,12.8827,12.7554,12.6219,12.4828,12.3389,12.1908,12.0393,11.8855,11.7302,11.5745,11.4197,11.267,11.1178,10.9738,10.8368,10.7089,10.5923,10.4896,10.404,10.3387,10.2977,10.2851,10.3058,10.3649,10.4677,10.6199,10.8271,11.0945,11.4269,11.8281,12.3005,12.8449,13.4597,14.1412,14.8829,15.6751,16.5058,17.3599,18.2202,19.0677,19.8824,20.644,21.333,21.9315,22.4243,22.7993,23.0487,23.1689,23.161,23.0306,22.7875,22.445,22.0196,21.5294,20.9938,20.4324,19.8638,19.3053,18.7719,18.2761,17.8276,17.4329,17.096,16.8182,16.5984,16.4337,16.3197,16.2511,16.2217,16.2255,16.2559,16.3072,16.3737,16.4503,16.5327,16.6171,16.7003,16.7795,16.8527,16.918,16.9743,17.0204,17.0555,17.0793,17.0912,17.0912
13.962,13.962,13.9519,13.9317,13.9016,13.8615,13.8117,13.7524,13.6837,13.606,13.5195,13.4246,13.3217,13.2112,13.0935,12.9691,12.8387,12.7028,12.562,12.4172,12.269,12.1183,11.9661,11.8132,11.6609,11.5103,11.3626,11.2195,11.0826,10.9536,10.8347,10.7284,10.6372,10.5643,10.5131,10.4874,10.4916,10.53,10.6077,10.7296,10.9008,11.126,11.4096,11.7551,12.1648,12.6396,13.1785,13.7784,14.4337,15.1366,15.8762,16.6398,17.4121,18.1766,18.9154,19.6105,20.2445,20.8011,21.2665,21.6294,21.8823,22.0216,22.0475,21.9646,21.781,21.5082,21.1604,20.7537,20.305,19.8317,19.3505,18.8768,18.4241,18.0037,17.6243,17.292,17.0105,16.7809,16.6025,16.4728,16.3878,16.3427,16.3323,16.3508,16.3926,16.4523,16.5249,16.6058,16.6911,16.7773,16.8614,16.941,17.0142,17.0794,17.1353,17.1811,17.216,17.2395,17.2513,17.2513
14.1481,14.1481,14.1382,14.1185,14.0889,14.0497,14.001,13.943,13.8758,13.7998,13.7152,13.6224,13.5217,13.4137,13.2986,13.1771,13.0496,12.9168,12.7792,12.6376,12.4926,12.3452,12.196,12.0462,11.8966,11.7483,11.6027,11.4609,11.3246,11.1955,11.0753,10.9663,10.8708,10.7917,10.7319,10.6948,10.6843,10.7044,10.7594,10.8537,10.9918,11.178,11.4162,11.7096,12.0605,12.4698,12.9368,13.4592,14.0324,14.6496,15.3018,15.9778,16.6647,17.3479,18.0119,18.6408,19.2191,19.7323,20.1678,20.5156,20.7684,20.9224,20.9776,20.9373,20.8083,20.6004,20.3256,19.9978,19.6319,19.243,18.8459,18.4541,18.0797,17.7326,17.4207,17.1496,16.9224,16.7403,16.6028,16.5076,16.4514,16.4298,16.4382,16.4714,16.5246,16.5928,16.6716,16.7569,16.8451,16.9331,17.0182,17.0983,17.1716,17.2367,17.2924,17.3378,17.3725,17.3958,17.4075,17.4075
14.3288,14.3288,14.3191,14.2997,14.2708,14.2324,14.1847,14.1278,14.0621,13.9877,13.9049,13.8141,13.7156,13.6099,13.4974,13.3785,13.2539,13.124,12.9895,12.851,12.7093,12.565,12.419,12.2722,12.1254,11.9798,11.8363,11.6964,11.5612,11.4324,11.3117,11.2009,11.1022,11.018,10.9511,10.9044,10.8812,10.8851,10.9199,10.9894,11.0976,11.2484,11.4451,11.6908,11.9874,12.3361,12.7364,13.1866,13.6829,14.2196,14.7893,15.3824,15.9879,16.5932,17.185,17.7493,18.2726,18.7421,19.1466,19.477,19.7265,19.8915,19.9714,19.9688,19.889,19.7403,19.5328,19.2784,18.99,18.6805,18.3628,18.0487,17.7488,17.4717,17.2244,17.0118,16.8369,16.7007,16.6026,16.5409,16.5125,16.5137,16.5404,16.588,16.6523,16.7288,16.8137,16.9033,16.9943,17.0842,17.1703,17.2509,17.3244,17.3893,17.4448,17.49,17.5244,17.5475,17.5591,17.5591
14.5032,14.5032,14.4937,14.4748,14.4464,14.4088,14.362,14.3063,14.2419,14.169,14.0879,13.999,13.9026,13.7992,13.689,13.5728,13.4508,13.3238,13.1922,13.0568,12.9181,12.777,12.6341,12.4902,12.3464,12.2034,12.0624,11.9244,11.7908,11.6629,11.5421,11.4303,11.3292,11.2412,11.1684,11.1135,11.0795,11.0694,11.0864,11.1341,11.2157,11.3348,11.4943,11.6968,11.9443,12.2379,12.5774,12.9615,13.387,13.8496,14.3428,14.8588,15.3882,15.9202,16.4436,16.9463,17.4165,17.8432,18.2164,18.5279,18.7716,18.9442,19.0445,19.0744,19.0383,18.9428,18.7964,18.6092,18.3919,18.1558,17.9118,17.67,17.4396,17.228,17.0414,16.884,16.7583,16.6654,16.6047,16.5747,16.5727,16.5956,16.6396,16.701,16.7759,16.8604,16.951,17.0447,17.1386,17.2301,17.3173,17.3984,17.472,17.5368,17.5921,17.637,17.6712,17.6941,17.7057,17.7057
14.671,14.671,14.6616,14.643,14.6152,14.5783,14.5325,14.4778,14.4147,14.3432,14.2637,14.1766,14.0822,13.9808,13.873,13.7591,13.6397,13.5154,13.3866,13.2541,13.1184,12.9802,12.8403,12.6994,12.5584,12.4182,12.2797,12.1439,12.012,11.8852,11.7649,11.6527,11.55,11.459,11.3816,11.32,11.2769,11.2547,11.2565,11.2852,11.3436,11.4348,11.5613,11.7256,11.9294,12.1737,12.4586,12.7831,13.1448,13.54,13.9637,14.4091,14.8685,15.333,15.7928,16.2377,16.6578,17.0433,17.3857,17.6777,17.9139,18.091,18.2077,18.2653,18.2672,18.2187,18.1269,18,17.8471,17.6776,17.5008,17.3251,17.1585,17.0072,16.8766,16.7701,16.69,16.6371,16.6111,16.6106,16.6332,16.6763,16.7366,16.8107,16.8954,16.9873,17.0835,17.181,17.2774,17.3706,17.4587,17.5402,17.6139,17.6786,17.7337,17.7784,17.8123,17.8351,17.8466,17.8466
14.8313,14.8313,14.8221,14.8039,14.7766,14.7404,14.6953,14.6417,14.5797,14.5096,14.4317,14.3462,14.2536,14.1542,14.0485,13.9369,13.82,13.6982,13.572,13.4422,13.3093,13.174,13.037,12.899,12.7608,12.6232,12.4872,12.3537,12.2237,12.0983,11.9788,11.8665,11.763,11.6698,11.5887,11.5218,11.4711,11.4389,11.4278,11.4402,11.4786,11.5456,11.6436,11.7745,11.9399,12.1409,12.3775,12.6492,12.9542,13.2893,13.6506,14.0326,14.4289,14.8319,15.2337,15.6256,15.9991,16.346,16.6588,16.9314,17.1587,17.3378,17.4673,17.548,17.5825,17.5749,17.5309,17.4574,17.3617,17.2517,17.135,17.0189,16.9097,16.813,16.733,16.6727,16.6341,16.6177,16.6233,16.6496,16.6947,16.7562,16.8313,16.9172,17.0109,17.1096,17.2107,17.3117,17.4105,17.5051,17.5941,17.676,17.7497,17.8143,17.8692,17.9136,17.9473,17.97,17.9813,17.9813
14.9837,14.9837,14.9747,14.9567,14.9299,14.8943,14.8501,14.7974,14.7366,14.6677,14.5911,14.5072,14.4163,14.3188,14.2151,14.1056,13.9909,13.8715,13.7478,13.6206,13.4903,13.3577,13.2234,13.0881,12.9526,12.8177,12.6841,12.5528,12.4248,12.301,12.1825,12.0707,11.9667,11.872,11.7883,11.717,11.6603,11.6199,11.5979,11.5966,11.6181,11.6646,11.7381,11.8402,11.9726,12.136,12.3307,12.5564,12.8116,13.0941,13.4004,13.7262,14.0663,14.4146,14.7642,15.1082,15.4392,15.7505,16.0357,16.2892,16.507,16.6862,16.8254,16.9249,16.9868,17.0141,17.0115,16.9844,16.9387,16.881,16.8174,16.7539,16.6957,16.6474,16.6125,16.5935,16.5918,16.6081,16.642,16.6924,16.7576,16.8356,16.924,17.0204,17.1222,17.2269,17.3324,17.4365,17.5373,17.6333,17.7229,17.8051,17.8789,17.9434,17.998,18.0422,18.0757,18.0982,18.1095,18.1095
15.1276,15.1276,15.1187,15.1011,15.0747,15.0397,14.9962,14.9444,14.8845,14.8168,14.7416,14.6592,14.5698,14.474,14.3721,14.2647,14.152,14.0348,13.9135,13.7886,13.6608,13.5307,13.399,13.2662,13.1333,13.0008,12.8696,12.7405,12.6145,12.4923,12.3751,12.2639,12.1599,12.0644,11.9786,11.9042,11.8426,11.7955,11.7648,11.7522,11.7596,11.7888,11.8416,11.9195,12.0237,12.1551,12.314,12.5001,12.7125,12.9493,13.2079,13.4848,13.7758,14.0758,14.3795,14.6808,14.9738,15.2529,15.5125,15.7482,15.9561,16.1339,16.2801,16.3947,16.4792,16.5359,16.5684,16.581,16.5785,16.5659,16.5483,16.5306,16.5169,16.5109,16.5155,16.5326,16.5635,16.6085,16.6672,16.7388,16.8217,16.9143,17.0144,17.12,17.2288,17.3389,17.4482,17.555,17.6576,17.7546,17.8448,17.9273,18.001,18.0653,18.1197,18.1637,18.197,18.2193,18.2305,18.2305
15.2625,15.2625,15.2537,15.2364,15.2104,15.1759,15.1331,15.0821,15.0232,14.9566,14.8825,14.8014,14.7136,14.6193,14.5192,14.4135,14.3028,14.1876,14.0684,13.9457,13.8202,13.6924,13.5631,13.4327,13.3021,13.172,13.0431,12.9161,12.792,12.6715,12.5557,12.4454,12.3417,12.2457,12.1586,12.0818,12.0164,11.9641,11.9263,11.9045,11.9003,11.9154,11.951,12.0086,12.0893,12.1938,12.3225,12.4751,12.6511,12.8491,13.0669,13.3018,13.5505,13.8088,14.0723,14.3364,14.5959,14.8463,15.0829,15.302,15.5003,15.6756,15.8265,15.953,16.0559,16.1369,16.1988,16.2448,16.2787,16.3046,16.3263,16.3477,16.3722,16.4026,16.4412,16.4895,16.5485,16.6183,16.6985,16.7884,16.8867,16.9918,17.102,17.2155,17.3304,17.4451,17.5577,17.6667,17.7708,17.8687,17.9594,18.0419,18.1156,18.1798,18.2339,18.2777,18.3108,18.333,18.3441,18.3441
15.3878,15.3878,15.3793,15.3621,15.3365,15.3025,15.2603,15.2101,15.152,15.0864,15.0135,14.9336,14.847,14.7543,14.6556,14.5516,14.4427,14.3293,14.2121,14.0914,13.968,13.8424,13.7152,13.5871,13.4587,13.3307,13.2039,13.079,12.9567,12.8379,12.7234,12.6141,12.511,12.4149,12.3271,12.2485,12.1804,12.124,12.0806,12.0515,12.038,12.0415,12.0631,12.1041,12.1654,12.2476,12.3511,12.4759,12.6215,12.7868,12.9702,13.1697,13.3824,13.6051,13.8344,14.0663,14.2968,14.5221,14.7384,14.9424,15.1315,15.3036,15.4576,15.5931,15.7106,15.8114,15.8974,15.9711,16.0355,16.0935,16.1482,16.2027,16.2594,16.3206,16.388,16.4628,16.5455,16.6364,16.7349,16.8404,16.9517,17.0674,17.1862,17.3064,17.4265,17.545,17.6603,17.7712,17.8765,17.9751,18.0661,18.1487,18.2223,18.2862,18.3402,18.3837,18.4166,18.4386,18.4497,18.4497
15.5033,15.5033,15.4948,15.4779,15.4526,15.4191,15.3775,15.3279,15.2706,15.2059,15.134,15.0552,14.9698,14.8784,14.7812,14.6787,14.5713,14.4596,14.3441,14.2253,14.1038,13.9801,13.8549,13.7288,13.6025,13.4765,13.3517,13.2286,13.1081,12.9909,12.8778,12.7695,12.667,12.5712,12.483,12.4033,12.3331,12.2737,12.2259,12.1911,12.1702,12.1645,12.1749,12.2025,12.248,12.312,12.395,12.4968,12.6173,12.7556,12.9105,13.0803,13.263,13.4559,13.6562,13.8609,14.0667,14.2703,14.4689,14.6595,14.8401,15.0087,15.1644,15.3066,15.4356,15.5521,15.6577,15.754,15.8433,15.9278,16.0098,16.0916,16.1751,16.2619,16.3534,16.4502,16.5529,16.6613,16.7751,16.8936,17.0158,17.1405,17.2664,17.3922,17.5165,17.6381,17.7556,17.868,17.9742,18.0733,18.1645,18.2472,18.3206,18.3843,18.438,18.4814,18.5141,18.5359,18.5469,18.5469
15.6084,15.6084,15.6,15.5833,15.5583,15.5252,15.4841,15.4351,15.3786,15.3146,15.2436,15.1658,15.0815,14.9912,14.8953,14.7941,14.6882,14.5781,14.4641,14.347,14.2271,14.1052,13.9818,13.8575,13.733,13.6089,13.4858,13.3645,13.2456,13.1299,13.0181,12.9109,12.8092,12.7138,12.6254,12.5451,12.4735,12.4118,12.3608,12.3216,12.295,12.282,12.2835,12.3003,12.3332,12.3827,12.449,12.5324,12.6324,12.7487,12.8803,13.0258,13.1837,13.3519,13.5282,13.7101,13.8951,14.0805,14.2638,14.4428,14.6157,14.7808,14.9371,15.0841,15.2219,15.3508,15.4719,15.5864,15.6958,15.8018,15.906,16.0101,16.1155,16.2233,16.3344,16.4494,16.5684,16.6913,16.8177,16.9468,17.0779,17.2099,17.3416,17.4719,17.5997,17.7238,17.8431,17.9567,18.0636,18.1631,18.2544,18.3369,18.4102,18.4737,18.5272,18.5703,18.6028,18.6246,18.6355,18.6355
15.7028,15.7028,15.6945,15.678,15.6533,15.6205,15.5798,15.5314,15.4754,15.4122,15.342,15.265,15.1818,15.0925,14.9977,14.8977,14.7931,14.6843,14.5717,14.456,14.3377,14.2173,14.0955,13.9729,13.8499,13.7274,13.606,13.4862,13.3688,13.2545,13.1439,13.0378,12.9369,12.842,12.7538,12.6731,12.6006,12.5373,12.4839,12.4413,12.4103,12.3917,12.3863,12.3948,12.4177,12.4556,12.5088,12.5773,12.6611,12.7597,12.8724,12.9983,13.1361,13.2842,13.4408,13.604,13.7718,13.9419,14.1125,14.2816,14.4476,14.6093,14.7656,14.916,15.0603,15.1988,15.3321,15.4609,15.5862,15.7093,15.8313,15.9533,16.0763,16.201,16.328,16.4576,16.5898,16.7244,16.8609,16.9986,17.1369,17.2747,17.4111,17.5451,17.6756,17.8016,17.9223,18.0368,18.1442,18.2439,18.3352,18.4177,18.4908,18.5541,18.6073,18.6502,18.6826,18.7042,18.7151,18.7151
15.7861,15.7861,15.7779,15.7615,15.737,15.7046,15.6643,15.6164,15.561,15.4983,15.4288,15.3526,15.2702,15.1819,15.088,14.9891,14.8856,14.7779,14.6666,14.5522,14.4352,14.3162,14.1957,14.0745,13.953,13.8319,13.7118,13.5934,13.4774,13.3643,13.2549,13.1498,13.0497,12.9553,12.8673,12.7865,12.7135,12.6491,12.594,12.5489,12.5146,12.4918,12.4811,12.4831,12.4983,12.5272,12.57,12.6269,12.6979,12.7825,12.8803,12.9906,13.1123,13.2443,13.3851,13.5332,13.687,13.8447,14.0047,14.1655,14.3257,14.4841,14.64,14.7926,14.9418,15.0875,15.2301,15.37,15.5078,15.6443,15.7803,15.9164,16.0532,16.1913,16.3308,16.472,16.6147,16.7585,16.903,17.0476,17.1916,17.334,17.4741,17.6108,17.7435,17.871,17.9928,18.1079,18.2156,18.3154,18.4068,18.4891,18.562,18.6251,18.6781,18.7208,18.753,18.7746,18.7853,18.7853
15.858,15.858,15.8499,15.8337,15.8094,15.7772,15.7373,15.6897,15.6348,15.5727,15.5038,15.4283,15.3466,15.259,15.166,15.068,14.9654,14.8587,14.7484,14.6351,14.5192,14.4014,14.2821,14.1621,14.0418,13.9219,13.8031,13.6859,13.571,13.459,13.3506,13.2464,13.147,13.0532,12.9656,12.8848,12.8115,12.7464,12.6901,12.6433,12.6065,12.5805,12.5658,12.5629,12.5723,12.5943,12.6292,12.6771,12.7381,12.8119,12.8981,12.9961,13.1053,13.2246,13.3529,13.4891,13.6317,13.7794,13.9309,14.0849,14.2402,14.3958,14.5509,14.705,14.8576,15.0087,15.1583,15.3066,15.4539,15.6008,15.7475,15.8945,16.0421,16.1905,16.3398,16.49,16.6408,16.7918,16.9426,17.0924,17.2408,17.3868,17.5297,17.6686,17.8028,17.9315,18.054,18.1695,18.2775,18.3774,18.4686,18.5508,18.6235,18.6864,18.7393,18.7818,18.8139,18.8353,18.8461,18.8461
15.9184,15.9184,15.9103,15.8942,15.8701,15.8382,15.7985,15.7513,15.6967,15.6351,15.5666,15.4917,15.4106,15.3236,15.2313,15.1341,15.0322,14.9264,14.817,14.7045,14.5896,14.4727,14.3545,14.2354,14.1162,13.9973,13.8795,13.7633,13.6494,13.5383,13.4307,13.3273,13.2286,13.1354,13.0481,12.9674,12.894,12.8285,12.7714,12.7233,12.6848,12.6565,12.6388,12.6323,12.6373,12.6542,12.6831,12.7243,12.7777,12.8433,12.9206,13.0094,13.1089,13.2184,13.3372,13.464,13.598,13.7379,13.8827,14.0312,14.1825,14.3357,14.4901,14.645,14.8,14.955,15.1097,15.2643,15.4188,15.5733,15.7281,15.8834,16.0391,16.1954,16.3521,16.5091,16.666,16.8225,16.978,17.1319,17.2835,17.4322,17.5772,17.7177,17.8531,17.9826,18.1056,18.2215,18.3296,18.4295,18.5206,18.6027,18.6752,18.7379,18.7906,18.833,18.8649,18.8863,18.897,18.897
15.967,15.967,15.9589,15.9429,15.9189,15.8872,15.8477,15.8008,15.7465,15.6852,15.6172,15.5427,15.462,15.3756,15.2839,15.1872,15.086,14.9808,14.8721,14.7604,14.6462,14.5301,14.4126,14.2944,14.1759,14.0579,13.9409,13.8255,13.7123,13.602,13.4951,13.3924,13.2943,13.2014,13.1145,13.034,12.9606,12.8948,12.8371,12.7882,12.7485,12.7186,12.6988,12.6897,12.6915,12.7046,12.7293,12.7655,12.8134,12.8729,12.9437,13.0256,13.1179,13.2202,13.3318,13.4517,13.5791,13.7132,13.8528,13.9972,14.1454,14.2967,14.4503,14.6056,14.7623,14.92,15.0784,15.2375,15.3971,15.5573,15.718,15.8792,16.0409,16.203,16.3651,16.5271,16.6886,16.849,17.0079,17.1648,17.3188,17.4694,17.616,17.7577,17.8939,18.024,18.1474,18.2634,18.3716,18.4714,18.5625,18.6444,18.7168,18.7794,18.8319,18.8742,18.906,18.9273,18.938,18.938
16.0035,16.0035,15.9955,15.9796,15.9557,15.9241,15.8848,15.838,15.784,15.723,15.6552,15.581,15.5008,15.4148,15.3234,15.2272,15.1265,15.0218,14.9136,14.8024,14.6887,14.5732,14.4563,14.3387,14.2209,14.1034,13.987,13.8723,13.7597,13.6499,13.5436,13.4413,13.3436,13.2512,13.1645,13.0842,13.0108,12.9448,12.8869,12.8374,12.7969,12.7659,12.7447,12.7338,12.7335,12.744,12.7656,12.7984,12.8424,12.8977,12.964,13.041,13.1283,13.2255,13.332,13.447,13.5698,13.6996,13.8356,13.9769,14.1229,14.2727,14.4256,14.5812,14.739,14.8984,15.0594,15.2215,15.3847,15.5487,15.7136,15.879,16.0448,16.2108,16.3768,16.5422,16.7068,16.8701,17.0314,17.1903,17.346,17.498,17.6455,17.788,17.9248,18.0553,18.1789,18.295,18.4033,18.5031,18.5941,18.6759,18.7481,18.8106,18.863,18.9052,18.937,18.9582,18.9689,18.9689
16.028,16.028,16.02,16.0041,15.9803,15.9487,15.9096,15.863,15.8091,15.7482,15.6807,15.6067,15.5267,15.4409,15.3498,15.2539,15.1535,15.0491,14.9413,14.8305,14.7172,14.602,14.4856,14.3683,14.2509,14.1339,14.0179,13.9035,13.7913,13.682,13.576,13.474,13.3767,13.2844,13.198,13.1178,13.0444,12.9784,12.9203,12.8705,12.8295,12.7978,12.7757,12.7637,12.762,12.7709,12.7906,12.8213,12.8629,12.9155,12.9788,13.0528,13.1369,13.2309,13.3341,13.4459,13.5658,13.6929,13.8265,13.9659,14.1104,14.2592,14.4117,14.5674,14.7257,14.8863,15.0488,15.2128,15.3782,15.5447,15.7121,15.8801,16.0486,16.2171,16.3854,16.5531,16.7197,16.8847,17.0475,17.2077,17.3644,17.5172,17.6655,17.8084,17.9456,18.0763,18.2,18.3162,18.4245,18.5242,18.6152,18.6969,18.7691,18.8315,18.8838,18.9259,18.9577,18.9789,18.9895,18.9895
16.0402,16.0402,16.0323,16.0164,15.9926,15.9611,15.922,15.8754,15.8217,15.7609,15.6934,15.6196,15.5396,15.454,15.3631,15.2673,15.167,15.0628,14.9552,14.8445,14.7314,14.6165,14.5002,14.3831,14.2659,14.1491,14.0333,13.9191,13.8072,13.698,13.5922,13.4904,13.3932,13.3011,13.2147,13.1346,13.0613,12.9952,12.937,12.8871,12.8459,12.8138,12.7914,12.7788,12.7765,12.7846,12.8034,12.833,12.8734,12.9247,12.9867,13.0591,13.1417,13.2341,13.3357,13.4461,13.5645,13.6903,13.8227,13.9612,14.1049,14.2532,14.4055,14.5612,14.7198,14.8809,15.0441,15.2091,15.3755,15.5432,15.7118,15.8811,16.0508,16.2206,16.39,16.5588,16.7263,16.8921,17.0557,17.2165,17.3738,17.527,17.6755,17.8187,17.956,18.0868,18.2106,18.3269,18.4351,18.5349,18.6258,18.7074,18.7796,18.8419,18.8943,18.9363,18.968,18.9892,18.9998,18.9998
16.0402,16.0402,16.0323,16.0164,15.9926,15.9611,15.922,15.8754,15.8217,15.7609,15.6934,15.6196,15.5396,15.454,15.3631,15.2673,15.167,15.0628,14.9552,14.8445,14.7314,14.6165,14.5002,14.3831,14.2659,14.1491,14.0333,13.9191,13.8072,13.698,13.5922,13.4904,13.3932,13.3011,13.2147,13.1346,13.0613,12.9952,12.937,12.8871,12.8459,12.8138,12.7914,12.7788,12.7765,12.7846,12.8034,12.833,12.8734,12.9247,12.9867,13.0591,13.1417,13.2341,13.3357,13.4461,13.5645,13.6903,13.8227,13.9612,14.1049,14.2532,14.4055,14.5612,14.7198,14.8809,15.0441,15.2091,15.3755,15.5432,15.7118,15.8811,16.0508,16.2206,16.39,16.5588,16.7263,16.8921,17.0557,17.2165,17.3738,17.527,17.6755,17.8187,17.956,18.0868,18.2106,18.3269,18.4351,18.5349,18.6258,18.7074,18.7796,18.8419,18.8943,18.9363,18.968,18.9892,18.9998,18.9998
